ph,Hardness,Solids,Chloramines,Sulfate,Conductivity,Organic_carbon,Trihalomethanes,Turbidity,Potability
6.577,139.941,35298.511,8.335,,395.217,,67.707,4.572,1
7.226,206.214,42738.215,4.885,362.197,400.26,9.975,92.892,3.748,0
8.162,145.402,8845.815,5.883,332.483,626.436,15.269,82.528,3.473,0
7.643,201.883,,5.524,366.515,437.718,6.727,69.507,4.424,1
6.869,199.384,12493.303,7.089,303.288,395.393,13.965,96.822,3.55,1
7.914,213.81,32397.59,10.992,293.071,435.913,17.961,93.806,1.786,0
8.51,206.291,13643.795,6.962,271.732,386.344,13.394,43.177,4.809,1
7.057,,33386.114,7.626,380.77,313.994,11.877,78.958,4.61,1
7.033,205.195,29199.868,7.797,304.057,401.057,15.149,77.536,5.556,1
7.511,209.822,25071.066,6.403,,434.203,,105.177,,1
7.321,231.899,27943.106,6.092,276.18,499.755,14.434,57.649,4.313,1
6.678,195.006,21562.5,8.779,290.469,347.085,14.587,93.862,4.137,1
6.533,212.676,24153.49,6.037,387.997,488.416,15.694,84.797,3.876,1
,242.854,21561.541,8.002,305.245,568.979,11.057,67.207,4.096,0
7.581,181.11,16680.288,6.014,382.189,507.757,18.924,70.202,2.922,1
7.612,172.653,33511.893,6.718,332.413,421.879,14.568,64.178,4.621,1
7.716,204.965,21145.934,7.809,317.577,347.045,12.526,56.213,4.025,1
7.042,189.209,17574.677,7.037,328.23,,12.158,56.839,2.761,1
6.87,207.799,25265.499,4.954,362.547,,16.492,37.014,4.908,1
7.147,230.289,20534.776,9.373,378.51,511.962,10.665,63.242,3.387,1
5.891,174.936,26926.736,7.19,287.623,427.918,14.555,57.219,4.262,0
5.931,163.989,23032.707,6.861,352.355,,14.915,53.635,3.144,1
7.827,224.486,24258.964,6.296,362.377,417.41,10.825,54.545,4.073,0
7.069,,11815.809,5.53,331.654,,15.534,76.87,4.423,1
7.1,244.672,17418.385,6.28,305.5,402.579,13.99,56.564,4.521,1
7.56,207.907,15013.858,8.041,343.699,345.919,17.83,72.406,3.452,1
6.587,238.927,,7.734,392.599,406.009,14.015,75.91,3.688,1
6.379,197.472,18729.969,7.363,319.699,349.138,11.984,41.964,4.87,1
8.566,186.884,26031.388,7.307,336.102,277.227,10.704,77.63,3.904,0
6.407,170.135,24530.836,7.424,342.405,559.333,16.218,68.289,5.76,0
,203.113,15424.768,7.648,373.612,415.086,13.456,38.316,3.788,0
7.378,158.214,15417.217,,352.982,464.767,14.455,90.934,,1
6.172,176.525,17345.129,8.3,293.985,547.474,14.601,46.304,4.272,1
5.674,165.526,25592.985,7.077,351.876,390.526,12.172,47.331,2.971,1
7.074,210.79,,6.605,432.431,395.046,15.022,54.431,3.865,1
6.946,175.79,33173.364,6.083,337.535,367.416,12.096,49.752,3.257,1
7.428,177.041,27528.793,8.441,350.742,458.466,16.597,70.945,3.929,1
7.369,188.646,24125.883,,243.956,309.902,14.928,66.129,4.359,1
6.716,220.253,31455.468,6.636,325.665,547.971,15.478,41.566,2.502,0
7.167,218.173,22673.147,4.756,216.5,429.566,13.056,99.711,,0
6.439,181.496,21914.757,8.063,326.727,367.226,17.759,63.83,1.946,1
6.067,210.646,15472.774,6.216,349.33,358.356,17.912,72.484,2.49,1
7.623,208.937,22467.561,6.57,300.452,382.287,18.1,76.305,4.011,1
7.747,213.697,32376.058,7.293,381.447,284.098,12.568,56.328,3.638,1
7.475,207.636,14559.785,6.955,393.33,440.786,12.937,91.632,4.647,0
5.505,204.072,25499.669,8.139,350.286,332.253,16.407,91.578,4.371,0
6.572,214.625,17499.6,7.372,350.207,437.146,13.859,78.533,5.147,1
8.128,213.704,28651.308,8.272,303.546,464.395,14.573,63.866,3.355,1
6.489,223.142,19687.222,7.379,370.895,394.396,15.921,,5.36,1
6.516,198.242,20896.539,7.218,324.79,402.948,13.878,64.722,3.961,1
7.271,233.18,29526.835,6.101,345.484,438.038,13.969,56.214,3.263,1
7.217,224.563,34985.85,7.122,377.382,477.428,15.064,68.719,3.25,1
5.678,219.642,13544.041,7.071,316.49,379.743,10.055,67.091,4.205,1
6.647,,26515.201,5.801,267.0,356.064,11.435,69.831,4.112,1
8.103,185.24,31297.79,6.169,381.905,458.488,15.407,59.248,3.32,1
5.936,206.022,27025.801,6.739,364.795,413.498,11.741,75.895,4.145,0
6.747,230.646,17980.64,4.192,335.516,406.32,13.436,85.148,4.296,1
7.63,188.234,22597.869,5.804,360.52,382.696,11.924,74.95,3.18,1
6.462,238.578,23029.683,7.744,316.265,317.133,17.959,63.382,4.441,1
7.05,226.013,29386.426,7.245,319.427,358.317,12.567,,5.301,1
6.283,155.675,26093.56,8.084,358.353,398.499,20.552,70.174,,1
8.225,,24634.733,8.057,308.684,447.508,8.372,48.728,3.91,1
6.778,,18771.646,8.41,346.275,549.587,12.793,60.432,3.912,1
5.923,215.89,19917.289,9.303,318.63,527.975,16.342,25.625,3.663,0
7.062,173.929,18907.744,9.122,406.284,452.717,15.16,66.328,2.904,0
5.812,244.617,16846.8,5.396,364.489,461.597,13.677,64.508,3.308,1
7.364,163.176,35641.362,7.381,408.92,530.088,13.907,54.401,4.515,1
8.615,195.702,31171.243,7.309,316.856,307.408,10.988,90.933,4.439,0
7.1,124.1,14859.021,8.18,396.213,457.346,5.28,50.554,3.03,1
7.466,188.499,17785.193,7.295,319.432,489.707,13.899,63.826,4.834,1
6.44,155.025,14692.249,6.697,289.941,359.25,13.839,87.461,5.186,1
6.584,157.931,17842.608,5.007,299.269,346.411,16.031,62.783,4.507,1
7.347,232.034,24879.904,8.952,329.745,555.364,16.633,67.238,4.05,1
8.017,226.41,19105.301,8.439,353.665,,,43.102,3.29,1
7.905,149.645,,4.477,297.447,,16.26,70.961,4.019,1
8.059,184.433,22540.685,8.266,362.924,506.066,11.326,80.549,2.964,1
5.914,190.095,21481.654,7.136,447.32,,15.333,82.781,4.519,0
6.813,136.166,12174.059,5.694,325.349,466.259,12.807,80.412,2.782,1
8.607,230.617,23788.143,10.183,361.037,508.172,12.332,59.528,2.94,0
8.107,100.0,24716.106,5.361,269.062,477.545,15.937,56.336,4.517,0
6.48,108.08,24955.642,7.508,,297.179,13.427,57.685,2.552,1
6.781,216.311,15373.303,8.671,378.628,359.01,15.501,65.707,4.646,0
,220.805,22766.203,8.924,443.74,482.26,12.059,108.874,3.586,0
8.37,186.766,7252.842,8.332,361.337,471.798,12.666,58.778,3.534,1
7.536,205.238,42150.151,10.434,302.194,319.679,15.491,,2.335,1
6.903,186.802,19812.813,6.253,313.797,496.128,10.098,81.444,5.034,1
6.067,140.774,26862.197,7.559,380.103,373.278,14.879,84.7,3.022,1
6.549,231.51,19947.6,6.839,347.002,497.664,14.847,64.121,3.805,1
6.606,180.761,9780.515,7.848,385.69,269.633,15.393,76.588,2.561,1
6.824,176.075,14756.586,4.885,313.937,505.089,8.7,53.044,4.164,1
4.846,249.351,18635.719,8.059,,503.639,15.606,57.519,4.516,1
6.511,207.38,24450.177,,330.589,475.867,10.575,113.124,4.481,1
6.67,178.414,18614.646,6.769,337.193,526.609,12.307,50.8,3.731,1
7.772,213.024,10113.742,6.051,402.843,465.661,14.223,68.108,3.751,1
8.08,162.959,11941.8,9.327,243.296,538.855,16.466,76.362,3.378,1
7.536,205.238,42150.151,10.434,302.194,319.679,15.491,,2.335,1
6.608,212.057,28114.562,4.433,278.073,396.634,12.963,54.478,3.458,1
8.312,176.58,19803.91,8.261,285.742,458.403,13.911,,3.947,1
7.253,176.786,,6.576,328.058,492.074,13.956,68.339,4.806,1
5.833,153.566,16991.657,6.255,391.324,483.986,11.721,63.538,3.399,1
5.948,128.138,21397.124,7.651,270.51,206.376,14.843,48.641,4.817,1
7.147,183.612,22657.736,5.556,238.84,343.87,16.278,53.646,3.569,1
7.629,207.28,8163.952,5.365,297.688,530.387,,63.629,3.301,0
6.276,222.172,16732.304,6.789,297.699,392.088,13.396,67.188,5.358,1
6.1,176.133,31975.667,7.684,393.756,364.499,17.327,58.145,4.232,1
7.404,188.511,17160.604,8.774,422.109,449.675,16.647,79.327,3.516,0
8.142,155.758,17743.679,7.462,,280.809,12.896,78.142,4.126,1
7.424,238.186,26271.89,3.767,359.363,514.676,14.88,52.947,4.136,1
6.958,197.309,18144.17,5.649,325.249,458.014,17.659,30.679,4.468,1
6.84,213.564,24949.63,6.679,358.9,336.328,17.151,74.129,4.313,1
7.973,191.233,38492.179,7.028,330.615,419.349,9.216,72.602,4.68,0
7.652,161.254,19946.323,4.609,338.134,449.726,15.021,45.04,3.983,1
6.99,188.28,26262.194,7.592,312.036,439.492,12.877,64.143,2.371,0
5.73,178.748,26174.417,6.891,284.471,380.094,15.72,66.186,4.891,1
7.036,253.739,13119.75,9.95,259.953,351.134,9.876,82.079,,0
4.828,180.283,22782.732,6.94,314.092,540.691,13.651,68.727,3.387,1
7.153,183.994,26032.878,7.332,348.107,386.044,14.637,77.323,4.118,1
,180.22,29045.946,5.381,434.003,412.306,10.254,66.005,4.024,1
6.249,156.559,30583.361,8.632,312.005,450.724,9.197,81.023,4.101,1
6.203,164.566,10551.497,3.309,292.249,491.488,20.056,63.864,3.739,0
6.612,242.196,,6.272,342.123,420.711,17.185,57.083,4.931,1
,252.358,30009.691,6.337,322.777,371.72,20.515,65.761,3.742,1
8.026,146.28,18483.763,,317.664,256.825,,65.314,4.617,0
6.156,221.068,23483.267,7.312,205.124,476.047,14.905,81.195,3.611,0
5.385,194.323,32070.587,5.862,316.398,573.829,9.021,74.538,2.769,1
7.491,164.603,21295.845,7.614,313.819,352.923,,79.174,3.677,0
5.891,202.096,12668.184,5.223,367.092,422.727,15.021,85.767,3.592,0
,135.404,20873.02,,334.371,,19.494,64.432,2.235,1
7.072,219.09,18372.749,7.476,288.513,346.085,10.361,79.411,4.231,1
6.926,172.506,27194.225,7.149,315.453,443.615,15.099,68.571,1.937,1
6.709,156.137,18223.751,5.03,332.35,421.78,15.846,90.947,4.495,1
7.732,195.379,9068.042,7.568,300.814,475.077,15.115,35.196,4.155,1
6.499,249.645,36580.192,5.905,365.304,347.524,12.426,,3.553,1
7.231,175.199,23507.214,7.239,323.468,393.672,15.424,,3.347,1
6.495,208.256,16075.977,8.457,365.46,313.263,13.286,71.97,4.898,0
6.365,221.946,45813.906,6.392,340.854,,12.212,82.595,3.959,0
6.511,229.559,19126.696,5.409,358.373,,12.759,45.757,3.269,1
7.747,159.168,35532.147,5.88,442.151,417.679,14.299,81.135,4.235,0
7.02,215.111,17550.672,8.696,299.168,253.096,9.95,63.056,5.395,0
7.256,236.503,10126.501,7.878,376.288,452.567,15.408,66.648,3.372,1
5.933,237.013,18286.05,6.423,292.479,,14.014,,4.405,0
6.234,236.796,33010.504,8.301,265.537,,11.295,58.696,3.06,1
7.79,178.011,21725.865,6.785,310.371,461.667,12.261,48.34,4.221,1
7.021,271.644,12928.364,7.347,321.897,511.44,12.132,74.834,3.761,1
6.604,248.973,21134.741,8.233,265.079,369.843,12.422,96.173,4.375,0
6.51,132.662,13108.187,8.629,278.353,443.497,15.142,52.67,2.561,1
8.558,202.241,18579.388,5.513,358.304,395.47,14.364,106.052,3.924,0
6.857,227.595,13611.736,7.806,247.948,391.935,10.56,86.773,3.24,1
7.368,186.94,50000.0,8.494,321.534,344.753,17.713,58.675,4.519,1
7.285,243.592,,6.766,328.996,387.603,11.228,43.047,4.229,1
6.546,178.223,22149.455,6.588,339.469,371.434,16.03,85.768,5.389,0
8.157,201.926,23868.182,4.889,277.028,396.946,14.188,77.288,,0
,224.047,20543.569,7.716,302.694,382.658,,52.788,3.672,1
7.136,182.536,27828.992,8.458,288.702,470.786,,86.328,3.163,1
7.475,213.776,17669.361,5.956,413.525,306.459,12.137,48.877,3.763,0
6.378,202.232,24084.629,7.856,372.727,494.77,12.617,78.601,4.422,1
7.44,170.527,,6.53,250.489,368.121,15.049,66.309,3.058,0
6.587,163.929,18278.564,6.613,336.827,451.727,18.31,68.082,4.854,1
8.316,165.16,23552.625,4.008,390.352,298.19,13.981,86.545,3.697,1
6.04,228.565,22623.133,7.141,294.177,486.719,14.425,74.786,3.708,0
6.567,187.467,18781.271,,344.812,374.122,10.307,87.362,3.915,1
7.294,116.374,26932.532,7.601,336.523,434.246,12.127,50.117,4.844,1
7.31,129.308,22109.22,8.966,333.094,261.267,12.479,84.139,3.2,1
7.467,,24685.841,6.851,330.323,395.991,12.451,,3.679,1
7.869,207.568,,6.475,333.938,442.95,15.075,52.219,3.087,1
7.688,262.371,31297.528,8.907,373.333,306.221,11.946,46.757,4.182,0
6.769,235.154,16418.696,7.665,353.385,276.664,11.934,65.544,3.951,1
7.474,204.432,18762.577,3.591,421.674,510.026,12.06,82.913,5.355,0
7.475,300.0,36572.027,5.785,318.809,472.48,12.54,65.858,3.468,1
7.138,210.512,21031.297,8.369,283.549,365.95,11.79,70.511,4.374,0
6.813,193.576,27762.562,6.213,377.573,402.074,10.4,71.905,3.298,0
8.411,176.021,15685.5,7.291,302.262,365.216,15.624,62.226,3.789,1
7.318,158.18,20895.224,5.323,327.753,378.21,11.799,34.586,4.001,1
6.886,165.635,17021.944,6.79,311.554,466.152,11.808,86.803,4.502,1
8.314,229.918,28942.145,6.54,311.769,,9.645,57.255,3.359,1
6.517,235.007,14105.192,5.225,331.39,455.48,8.762,26.469,2.596,1
6.082,197.322,27642.6,8.071,269.165,290.957,12.898,56.625,3.181,1
7.048,156.264,27642.366,6.869,302.217,449.463,11.616,79.67,4.556,1
,135.781,25615.867,7.399,298.315,536.656,18.748,56.022,3.506,1
7.381,169.616,29496.155,,260.94,441.429,16.941,90.686,3.394,0
6.572,261.809,15021.305,8.879,291.807,448.911,15.774,74.533,3.949,0
8.173,227.206,18261.289,5.151,350.372,424.07,19.793,47.818,,0
6.944,147.849,45131.6,7.309,294.91,464.251,13.75,57.261,3.84,0
6.853,224.651,28067.008,7.848,375.639,488.224,10.942,91.516,3.777,1
5.779,211.612,14983.709,4.76,286.19,468.469,21.1,53.79,3.255,0
7.009,173.769,10429.455,8.991,361.852,449.426,17.335,92.823,3.859,1
7.832,166.386,14559.323,9.44,361.024,443.526,12.691,86.035,2.33,1
7.184,189.798,34378.426,7.26,,458.731,21.247,55.438,,0
7.57,212.345,31618.692,7.755,248.374,428.485,11.958,59.52,2.821,1
7.23,,21732.086,4.986,,489.714,13.999,60.111,4.175,1
6.665,151.022,21847.504,7.826,289.753,427.698,13.799,91.39,3.413,0
6.711,166.066,37048.655,5.45,270.317,420.818,18.718,38.197,4.775,1
7.283,174.377,30288.202,7.647,306.047,479.365,10.628,92.16,3.847,0
7.065,228.033,25535.962,,402.324,537.953,13.356,83.786,3.607,1
5.649,136.168,34344.504,6.737,372.729,446.711,13.359,73.431,,1
6.319,150.433,20545.785,8.942,339.587,471.323,9.969,56.289,2.937,0
7.967,,20067.089,5.825,352.625,389.262,12.774,114.651,4.938,1
7.381,192.977,24007.933,7.807,251.853,302.194,16.687,65.622,3.931,1
6.546,173.298,21385.677,5.3,372.796,441.035,14.096,97.081,2.279,1
7.639,216.418,13989.608,4.822,368.833,,15.375,86.385,4.454,1
6.284,195.99,24322.781,9.643,335.373,401.56,8.015,56.697,4.413,1
7.458,231.972,18918.656,8.618,320.49,456.797,,66.304,4.718,0
5.949,185.79,20379.18,8.547,340.498,471.691,13.694,42.897,3.78,0
8.081,185.018,15580.36,8.375,353.953,332.579,13.736,61.448,4.255,0
6.929,189.505,31193.623,3.86,295.298,401.436,16.731,72.865,5.165,0
7.486,192.459,20628.912,5.663,363.352,337.45,10.016,52.582,3.888,1
6.789,185.398,26129.617,5.81,266.394,345.325,11.816,52.254,3.785,1
7.261,172.904,20912.056,6.563,322.589,333.476,16.999,,3.548,1
8.147,259.861,36510.484,6.853,343.288,519.377,12.398,54.347,3.852,1
6.86,198.305,20818.271,7.295,351.103,363.615,16.084,74.162,4.472,1
7.14,251.44,14339.661,6.523,287.864,632.878,15.913,52.801,4.151,0
7.876,238.282,,,362.356,385.383,13.362,57.176,3.122,0
7.61,101.908,16563.345,6.791,357.699,559.119,11.735,59.479,3.378,0
6.577,171.387,16335.736,4.57,310.661,565.545,16.574,83.206,5.634,1
7.406,183.567,22994.439,6.837,373.033,340.736,10.058,84.402,4.223,1
7.625,211.104,31997.899,7.291,413.581,444.576,10.854,77.934,2.929,1
6.322,219.032,33388.356,6.411,237.466,336.144,16.169,48.614,2.437,1
6.938,224.598,18625.173,8.857,358.715,563.017,,120.0,3.799,1
7.249,191.271,24625.223,6.617,251.732,412.28,16.947,56.275,5.012,0
6.756,246.012,25124.271,9.328,320.082,352.212,19.532,69.158,4.059,0
7.092,166.89,25399.64,7.055,251.712,467.346,13.553,111.481,4.78,1
7.889,254.178,16234.703,5.949,334.76,431.083,14.141,63.34,4.058,1
7.753,192.658,16441.703,7.076,339.64,375.052,12.561,60.44,4.005,1
5.471,217.962,31323.154,6.086,308.455,440.141,14.749,70.291,3.428,0
6.798,248.566,10639.64,7.255,389.372,497.812,15.772,91.646,3.963,1
7.98,187.407,27764.742,7.482,337.581,509.856,17.555,85.715,4.43,1
7.693,163.726,12645.237,7.449,326.275,400.154,11.972,64.009,4.091,1
7.029,238.526,15011.252,6.517,320.42,547.142,18.013,55.92,4.132,1
6.676,174.092,15817.978,6.165,271.213,338.98,15.7,51.835,3.226,1
,184.006,22660.408,6.599,344.025,406.912,16.732,53.708,4.592,1
,157.375,32550.026,5.561,297.259,396.283,12.854,73.822,3.265,0
6.798,193.391,17851.748,3.525,369.264,414.837,15.132,82.668,4.886,1
6.883,175.22,28211.639,7.096,305.986,567.038,13.09,83.793,3.601,1
6.386,171.922,18072.613,6.995,337.523,435.321,12.276,41.934,3.788,1
6.953,187.587,20770.322,7.275,334.439,431.259,11.243,77.282,2.994,1
7.538,167.18,21347.146,9.486,251.768,526.496,14.478,60.359,3.308,0
6.927,197.05,25740.483,6.897,325.268,399.137,13.72,46.459,3.429,1
8.258,236.229,21954.196,4.013,346.176,527.497,16.325,50.413,5.272,1
7.37,185.31,35301.236,5.276,384.962,312.221,16.759,72.749,3.786,1
6.23,223.15,10941.975,5.251,316.554,460.268,14.6,63.666,3.378,0
7.385,210.439,16325.154,5.136,322.644,455.594,12.427,63.3,3.796,0
6.832,187.999,37156.679,8.179,356.143,401.066,8.016,62.045,3.446,1
7.462,178.854,17286.615,8.299,346.193,307.421,15.21,29.629,4.32,1
7.716,227.31,23176.743,6.625,336.345,400.407,18.089,64.072,2.553,0
8.736,192.492,,8.273,304.165,470.55,12.893,100.837,4.582,0
6.406,212.027,17245.466,9.932,343.394,517.022,14.612,25.159,3.456,1
7.885,191.703,17131.249,8.327,338.799,542.937,15.147,47.32,3.422,1
6.699,195.182,13880.805,8.279,331.85,389.902,14.243,65.825,4.355,1
5.856,242.586,13087.043,7.276,393.294,349.757,17.033,76.421,4.146,0
7.553,155.842,18350.449,4.939,380.111,469.819,10.881,42.845,4.466,1
7.404,243.125,27973.74,7.36,389.786,618.127,14.858,,4.672,1
6.082,197.322,27642.6,8.071,269.165,290.957,12.898,56.625,3.181,1
6.955,280.619,32128.296,,304.925,398.838,15.537,50.544,3.545,0
6.994,232.485,33927.343,6.902,363.65,372.947,17.592,92.861,3.997,1
,159.833,19923.823,6.94,395.916,394.196,18.309,78.884,2.816,1
7.479,154.615,30678.068,8.959,324.427,589.652,12.761,67.645,3.969,1
8.081,182.025,29618.722,6.226,387.028,471.182,22.604,39.056,2.326,1
6.665,232.394,15457.362,9.618,298.338,441.316,14.504,56.397,3.652,0
6.054,203.656,15648.262,,387.599,347.758,,66.601,2.229,1
6.914,235.556,15529.485,4.334,312.971,472.313,,60.763,3.661,1
7.113,154.524,33349.786,,350.974,509.522,10.529,73.706,4.338,1
6.971,216.016,27001.631,6.589,262.786,394.848,19.392,38.149,3.294,1
6.942,185.436,26235.779,6.549,366.52,344.985,13.298,75.044,4.884,0
6.981,205.239,19701.379,7.256,325.76,544.771,18.354,82.207,4.32,1
6.556,196.218,34628.067,,407.571,432.548,13.398,64.842,4.43,0
7.316,192.945,28669.679,9.749,344.921,525.426,13.861,70.505,4.202,1
7.958,179.74,21829.119,7.25,316.72,518.58,11.82,80.38,4.459,1
7.862,222.434,32856.612,,294.793,,15.07,88.02,4.442,0
5.146,193.884,28037.492,8.146,322.204,480.759,12.738,54.656,4.891,0
6.705,279.865,47452.089,8.853,328.717,406.247,16.18,41.543,2.389,1
6.333,198.971,16653.118,9.524,414.201,482.795,14.23,60.666,2.77,1
6.245,167.78,31543.028,6.314,331.526,437.766,14.936,54.587,3.017,1
6.88,253.616,20350.189,5.565,309.685,467.866,17.85,76.775,4.738,1
6.475,177.645,27668.205,7.731,316.809,452.868,18.824,57.315,3.878,1
6.492,147.537,22263.427,7.715,365.659,487.885,15.891,67.773,3.598,1
7.233,154.118,18010.075,,352.353,471.328,19.635,44.77,,1
6.258,147.901,24845.807,4.66,347.924,497.347,16.233,75.155,3.508,1
6.95,211.117,12866.117,7.669,,,8.656,80.728,1.716,0
6.329,259.76,20390.041,7.325,338.117,514.4,18.085,66.051,4.739,1
7.183,198.682,12891.056,7.573,336.755,415.626,13.664,59.599,3.097,1
9.309,249.167,17400.556,6.188,312.686,403.031,10.815,51.471,3.258,1
7.054,161.726,34068.363,7.153,415.611,510.062,16.993,64.764,4.096,1
6.199,262.754,39000.392,,381.023,521.774,13.105,50.441,3.044,0
7.62,227.023,9192.589,4.515,299.148,400.337,13.864,64.07,4.279,1
6.061,168.445,15586.627,7.101,372.703,346.219,13.908,60.671,3.789,1
6.244,199.389,16367.75,6.198,436.0,427.788,8.639,70.373,4.161,1
7.192,159.256,39590.08,5.641,341.5,507.757,,46.906,,1
7.541,152.289,16737.266,7.958,316.476,307.245,18.682,101.236,3.861,1
7.186,112.665,37556.762,7.686,330.176,445.011,18.258,60.486,3.142,0
,176.612,16939.011,6.947,325.456,476.498,13.579,80.215,4.04,1
,139.39,24273.754,7.132,415.031,415.536,12.935,73.037,3.748,1
7.044,189.123,35616.756,6.39,375.455,442.679,17.685,65.149,1.674,1
6.578,205.065,12188.245,8.102,334.361,434.143,10.912,74.469,4.78,1
6.064,230.745,22874.503,9.366,408.856,319.776,,69.256,4.357,1
6.997,224.488,27924.914,6.333,323.989,399.451,16.489,83.739,4.988,1
7.168,198.73,24981.434,6.624,301.248,407.972,11.54,51.857,4.507,1
7.871,209.276,9177.19,6.665,278.48,403.452,8.575,21.473,4.012,1
7.036,185.982,23394.013,7.011,330.866,416.674,15.436,70.008,,1
7.3,171.815,20047.027,,294.843,409.605,13.076,78.549,4.726,1
6.55,152.932,31991.251,5.437,382.558,418.055,14.228,65.884,3.043,1
7.819,211.745,17963.627,5.325,360.873,423.652,11.519,64.763,3.196,1
6.471,181.423,15011.145,6.843,273.548,497.35,11.789,69.857,2.412,1
6.143,186.143,24548.204,6.381,481.22,237.641,13.645,70.059,4.912,1
7.151,178.162,17958.019,6.3,357.237,448.0,12.991,48.398,4.498,1
7.09,215.239,17266.269,7.072,323.759,478.554,16.521,52.859,4.58,1
5.342,189.948,23796.169,8.675,336.294,539.216,12.16,69.933,3.93,0
6.247,169.587,41501.731,6.442,329.929,539.129,18.096,61.735,3.925,1
6.354,170.053,19735.81,7.993,361.848,297.743,12.621,89.7,3.915,0
7.217,168.755,34483.329,6.26,302.085,352.059,16.797,65.877,4.313,1
8.739,143.825,16126.714,8.05,315.999,455.925,13.739,42.643,4.366,1
7.156,165.653,12300.787,5.928,323.965,464.603,15.296,74.089,4.464,0
8.942,146.433,21626.182,7.64,332.326,491.839,5.8,63.205,5.208,1
7.455,182.769,23440.853,6.473,338.98,499.838,13.023,57.369,3.479,1
6.371,254.822,23557.896,7.241,311.74,501.497,,49.38,4.855,1
6.189,245.079,21828.956,5.649,322.543,416.804,9.489,76.935,3.575,0
8.043,165.279,23978.839,5.199,386.67,553.155,10.176,103.505,4.108,0
6.774,206.623,23097.251,6.631,354.407,,10.277,56.41,3.107,1
5.938,202.227,21157.921,8.244,370.382,395.509,17.254,45.98,3.404,1
6.264,195.064,13606.419,5.815,308.705,376.714,12.5,77.53,4.027,1
6.274,160.727,17599.787,7.011,322.972,391.566,18.706,55.569,3.01,1
6.685,172.241,16598.365,5.167,307.495,474.297,10.312,61.453,4.499,1
7.988,219.42,23819.499,6.278,305.405,343.942,13.64,62.594,4.122,0
7.131,150.998,18080.424,6.717,384.69,373.329,17.554,67.93,4.47,1
7.413,211.484,28528.485,7.281,277.557,407.878,22.344,78.568,4.053,1
6.533,212.676,24153.49,6.037,387.997,488.416,15.694,84.797,3.876,1
8.803,201.806,29551.347,5.494,401.849,391.18,,42.513,4.78,0
7.016,168.065,40564.383,10.412,329.288,407.239,14.052,44.253,2.826,1
8.557,157.242,13445.671,,373.606,317.897,15.277,63.426,4.162,1
5.012,,21399.528,,301.094,331.618,14.297,78.364,3.292,0
8.93,183.613,16261.815,11.054,298.469,479.27,17.406,39.01,4.534,1
6.731,163.555,26248.572,6.853,272.986,391.189,10.94,78.539,4.611,1
7.46,211.342,32898.52,,339.061,552.094,17.755,74.761,4.241,1
7.075,,17117.251,,416.666,381.578,18.758,67.672,2.597,1
7.84,196.668,33153.349,4.028,322.638,460.817,18.017,73.249,3.983,1
7.373,169.683,49343.85,6.121,337.919,442.571,14.781,53.085,3.269,1
5.973,147.45,41605.519,6.302,387.147,348.174,17.909,52.162,5.008,0
6.54,225.391,20112.132,4.999,388.179,427.564,9.657,48.205,4.265,1
6.953,177.156,16067.554,6.157,290.261,322.84,13.956,68.168,4.887,1
7.065,167.052,26608.461,5.998,390.728,446.33,12.319,68.514,3.682,1
7.456,193.967,28699.298,7.718,317.233,434.52,12.188,60.621,4.007,1
6.498,234.312,22202.705,8.233,334.442,332.784,14.303,58.395,3.379,1
7.365,204.248,22275.57,6.899,389.484,424.549,12.432,99.119,4.92,0
6.172,160.644,32836.642,6.682,412.907,538.69,13.819,81.712,3.71,0
7.845,195.821,19666.924,10.596,294.793,289.95,12.684,74.333,3.217,0
6.916,245.569,15536.475,7.151,382.045,326.396,16.533,60.723,4.01,1
7.232,184.543,26081.001,6.171,272.247,442.439,12.319,60.134,2.862,1
7.438,225.577,17765.214,6.557,,560.176,14.306,78.058,3.764,1
,,30734.527,5.086,310.405,315.993,13.723,73.363,4.423,1
7.787,231.757,50000.0,6.493,318.506,354.273,9.835,69.857,3.515,1
8.163,242.479,16551.677,6.242,233.566,502.475,11.233,78.576,3.983,1
5.934,188.047,20256.418,7.814,351.293,448.703,10.044,65.018,4.087,1
7.037,,35825.355,9.732,388.878,395.544,13.139,71.649,3.191,1
7.042,164.062,24916.409,9.295,359.684,280.937,16.756,73.55,2.967,1
5.407,169.784,14456.56,6.544,363.74,404.206,17.369,61.013,3.325,1
4.864,259.586,19226.94,9.268,302.556,347.765,13.604,77.22,3.191,0
7.048,186.545,24614.051,7.081,406.539,295.088,16.491,56.85,3.952,1
,192.566,17595.505,5.748,302.878,391.099,15.716,78.596,4.002,1
5.695,185.276,29895.311,8.81,338.273,267.679,11.226,63.539,3.245,1
7.929,176.411,20873.941,6.424,306.538,515.655,7.052,84.436,4.278,1
6.465,197.593,22174.95,7.167,345.858,371.644,12.936,66.988,3.313,1
6.384,159.401,18252.14,6.819,404.129,,14.842,60.297,4.679,1
,194.024,18483.752,9.242,319.567,458.988,18.238,67.542,2.436,0
6.358,235.545,25202.713,8.358,390.46,403.421,12.058,69.633,3.418,1
8.224,199.135,20663.313,7.682,445.01,402.917,14.916,43.427,4.183,1
7.391,198.459,26313.11,6.889,306.279,464.37,10.369,,5.182,1
6.157,178.383,,6.14,320.493,398.533,13.523,70.561,4.242,0
6.944,169.382,24501.376,6.739,372.822,394.707,14.488,80.978,3.983,1
8.834,,17029.912,7.518,375.909,408.138,13.037,70.391,4.043,1
7.002,177.325,15776.48,8.358,365.985,550.632,14.37,69.817,5.628,1
7.958,209.026,25705.714,7.087,,551.57,16.052,54.361,5.376,1
7.161,142.8,21625.695,5.59,340.572,,17.066,50.367,5.154,0
8.044,234.975,28742.98,6.327,295.116,479.702,13.051,44.71,3.714,1
6.848,175.945,24990.395,7.766,258.337,398.616,18.395,56.459,3.488,1
7.544,251.645,28793.116,10.019,292.163,418.102,18.564,60.148,3.742,0
6.103,162.282,45035.192,7.218,232.834,283.645,14.802,86.847,3.215,0
7.485,200.636,16764.57,6.592,272.883,383.361,9.344,70.907,4.755,1
5.678,219.642,13544.041,7.071,316.49,379.743,10.055,67.091,4.205,1
7.179,216.145,18074.412,10.373,293.519,375.938,16.899,29.892,3.626,1
6.933,226.122,22344.228,7.65,396.838,474.541,,71.704,4.693,1
8.387,249.584,10631.362,8.967,368.767,347.844,17.834,81.496,3.509,0
8.546,159.557,15637.382,7.016,388.191,444.021,12.91,71.012,4.46,1
6.725,188.38,32585.696,5.966,380.696,354.812,8.725,48.694,3.703,1
5.944,168.391,47017.518,5.634,405.574,425.402,9.906,64.781,5.513,0
6.04,204.329,25845.526,5.399,349.017,384.35,19.235,68.769,3.888,1
6.636,196.206,30768.071,8.784,244.387,476.379,16.258,52.682,5.263,0
7.961,206.834,10601.317,7.874,312.297,478.974,11.939,53.507,5.066,1
6.886,203.144,20256.039,8.615,,,14.747,79.408,5.237,1
6.586,173.773,18672.817,9.094,332.923,473.333,15.988,89.371,4.361,0
7.046,167.806,20924.105,8.378,348.878,410.154,18.177,89.039,5.924,1
5.722,190.791,25882.625,6.711,329.877,476.808,11.218,48.543,3.872,1
8.15,229.927,35315.197,6.279,346.636,678.622,8.591,70.704,3.453,0
6.245,146.537,28432.494,5.844,269.697,431.183,12.311,63.501,2.629,1
7.133,173.096,16163.87,6.191,281.068,289.617,14.187,67.975,3.118,1
7.012,208.602,15735.091,9.311,329.731,234.714,13.029,77.495,3.432,0
7.25,139.085,16787.648,8.554,288.627,502.241,14.517,52.581,4.15,1
7.139,203.208,26168.966,7.61,321.78,312.445,14.029,36.375,3.532,1
5.795,176.276,33271.605,7.846,390.734,435.717,12.966,78.798,4.439,1
7.569,202.094,18668.669,8.666,366.141,473.588,15.436,67.058,3.297,1
6.585,178.869,28946.33,9.046,270.647,441.218,16.527,97.734,5.574,0
7.196,,30600.564,,298.985,434.621,15.189,68.935,3.369,1
6.667,180.409,19044.25,6.644,208.922,407.722,11.821,96.35,4.202,1
7.935,179.167,18592.358,,377.502,457.625,13.652,103.991,3.842,0
6.865,189.227,19677.592,6.033,273.185,285.203,15.001,90.228,3.237,0
5.681,168.171,25947.682,,297.659,333.312,17.675,47.502,3.7,0
7.861,236.863,20257.873,6.544,446.33,330.562,17.478,52.746,4.61,0
,187.307,19374.381,5.733,285.365,438.441,16.584,55.651,1.987,1
7.014,145.944,21336.945,9.256,349.237,422.099,17.604,58.466,,1
6.86,270.241,21133.547,5.806,339.249,494.113,17.749,54.046,3.18,1
6.964,161.058,,5.781,301.816,474.739,9.328,55.066,3.646,1
7.488,217.387,37309.139,10.047,410.786,455.827,7.173,72.114,4.001,1
8.135,254.548,17297.942,8.248,287.736,406.593,15.49,45.012,3.489,0
6.642,217.767,,8.023,331.356,332.965,19.632,86.722,3.652,0
5.766,256.932,21471.064,4.679,297.086,440.048,9.844,45.629,3.891,1
6.456,208.502,36169.599,7.25,330.566,573.849,16.623,79.996,2.416,1
7.291,162.19,26421.302,7.14,329.94,530.397,11.81,74.439,3.6,1
6.55,139.263,22364.383,7.211,367.709,517.469,16.946,106.737,4.335,0
6.201,273.174,18049.008,7.218,,315.239,16.403,65.417,3.633,1
6.789,201.911,34983.94,9.332,342.622,369.557,14.505,61.052,3.781,1
7.242,164.847,20945.235,3.951,373.647,451.615,12.789,89.725,3.351,1
6.972,204.101,19998.391,8.557,442.488,488.509,,62.354,4.269,1
5.481,200.574,43084.835,5.513,330.174,365.029,,42.785,4.979,0
6.288,194.01,13013.207,5.929,365.602,536.187,14.364,61.381,2.106,1
6.436,241.393,24513.134,7.635,321.867,468.075,12.13,66.886,,1
6.288,194.01,13013.207,5.929,365.602,536.187,14.364,61.381,2.106,1
7.663,228.238,16490.842,6.722,,481.061,15.659,68.165,3.651,1
6.926,178.455,45481.935,5.097,363.453,488.652,17.536,67.932,2.69,0
7.057,224.033,26109.038,7.259,274.629,440.797,,62.346,5.284,0
7.386,,11553.81,7.682,372.766,523.173,10.203,58.042,2.722,1
6.807,228.759,9592.309,5.895,339.94,482.146,18.623,90.067,3.567,1
7.45,182.765,15707.128,5.463,309.259,407.537,19.355,51.659,4.939,1
8.974,231.979,16750.858,7.531,312.675,250.642,15.524,61.36,4.16,0
7.248,184.822,25626.676,8.552,370.558,356.499,16.219,48.675,,1
6.515,213.846,31616.31,8.278,,,14.885,68.783,3.204,0
6.122,232.925,26300.753,6.502,272.44,420.707,16.015,100.727,3.936,0
7.177,225.493,19487.889,4.66,340.686,573.345,14.745,43.318,3.399,1
6.581,180.259,13674.62,8.267,277.855,452.92,15.068,79.671,3.92,1
7.712,105.371,21372.225,8.056,267.773,339.992,9.911,65.685,4.17,1
7.301,208.557,22305.849,5.828,260.508,459.052,13.964,49.285,4.425,1
7.278,175.279,,8.068,361.905,448.563,16.678,77.408,3.335,1
,235.646,31939.792,7.005,333.511,361.953,17.469,,3.831,1
7.515,208.045,16863.413,5.21,361.864,431.059,12.074,51.415,3.942,1
7.689,204.642,20329.29,8.103,346.64,448.508,9.925,60.402,3.38,0
6.98,189.388,25391.516,8.875,340.687,518.527,15.34,95.68,4.772,1
6.657,142.988,27484.746,6.829,366.108,510.945,15.584,62.513,4.353,1
7.645,,14994.714,8.458,318.994,456.029,18.061,66.241,2.504,1
6.656,207.765,13324.541,7.169,333.075,330.163,18.887,47.095,5.402,0
6.993,204.449,27364.183,6.376,420.267,343.82,12.83,60.539,,1
6.558,,21067.594,8.827,280.325,557.83,11.876,65.333,,0
7.354,,11355.08,8.201,251.246,371.733,10.664,74.102,3.527,1
7.402,168.918,20166.583,8.929,346.734,447.502,12.76,45.025,4.802,1
6.131,201.499,14691.222,6.8,181.754,451.983,16.967,88.772,3.058,0
7.857,199.681,23391.971,8.121,351.55,320.012,10.909,67.968,4.475,1
6.979,244.744,16792.331,9.063,247.126,325.339,17.848,67.55,3.873,0
5.623,160.599,25185.7,8.47,336.592,480.16,15.579,57.562,,1
6.511,145.732,15147.875,6.447,277.495,340.518,13.029,98.284,2.983,0
6.958,181.139,20231.014,6.063,347.238,450.563,9.618,34.326,4.364,1
8.126,234.417,19079.846,5.96,339.992,312.019,15.979,39.528,3.79,0
6.337,182.854,29929.314,7.806,306.403,482.768,9.729,37.079,3.941,1
6.158,206.492,19014.914,8.819,310.782,278.565,11.648,75.689,5.253,0
6.603,142.605,23689.484,5.868,405.171,430.793,14.877,59.133,3.334,0
7.804,168.356,20137.33,4.44,279.703,441.439,13.055,73.007,3.404,1
7.268,212.358,35717.068,8.54,283.937,479.227,10.831,91.212,4.888,1
4.809,217.293,33836.466,8.054,209.388,457.351,19.621,57.297,3.649,1
7.755,215.344,21512.093,8.568,289.357,438.822,13.641,61.741,3.884,1
6.668,201.023,22634.831,5.109,337.422,326.388,,74.555,3.923,1
7.448,175.662,21740.321,,324.868,344.02,14.986,48.079,4.139,1
6.37,186.281,26178.755,7.536,275.373,370.496,16.765,45.03,3.93,1
6.98,198.638,19285.185,7.71,403.26,438.202,13.02,77.568,4.099,1
7.296,223.097,16604.28,,300.998,389.573,14.574,56.571,2.625,1
8.031,166.679,13789.794,3.77,424.998,387.07,16.025,76.337,3.907,0
6.792,248.783,28932.424,3.946,283.43,378.735,14.54,66.537,3.223,1
5.989,149.611,14509.609,5.71,429.129,585.368,17.002,71.241,5.264,0
6.173,173.379,22149.743,6.028,333.443,440.424,13.777,75.759,4.413,0
7.423,205.46,15856.567,7.684,355.872,303.947,14.061,79.243,,1
7.814,236.715,28141.532,7.967,331.613,297.906,13.381,61.941,3.097,1
6.602,168.215,25481.162,7.002,395.317,456.676,13.343,52.834,3.615,1
6.181,159.274,21872.471,9.153,309.515,545.75,13.823,,4.061,1
6.837,223.597,22055.344,4.654,363.019,498.167,16.544,74.458,3.261,1
5.98,252.276,23674.048,5.895,374.761,528.275,16.953,74.972,2.862,1
6.763,198.727,21200.1,7.808,313.667,377.113,10.981,79.033,3.207,1
7.861,207.764,23915.737,5.295,316.68,238.557,16.924,74.76,3.75,0
7.184,189.798,34378.426,7.26,,458.731,21.247,55.438,,0
7.702,215.744,17348.697,6.057,341.772,279.947,14.339,64.438,3.247,1
7.716,196.719,23695.262,9.222,262.403,404.53,11.879,69.765,5.126,1
7.744,225.164,21735.562,8.827,371.137,416.913,15.747,45.969,4.347,1
7.88,235.388,24854.796,5.31,391.461,449.374,16.05,62.105,4.331,1
7.138,183.522,17500.943,6.034,277.297,470.459,15.389,77.953,3.969,1
7.441,194.243,28545.733,6.919,251.033,471.028,10.257,64.389,,1
8.413,209.994,,6.583,323.729,499.266,,,3.631,1
7.428,177.041,27528.793,8.441,350.742,458.466,16.597,70.945,3.929,1
8.718,188.212,24143.336,8.45,355.735,330.885,14.073,69.707,2.742,0
7.954,217.874,19681.111,6.953,335.445,401.878,16.447,85.657,3.341,1
7.434,197.887,18570.995,9.981,312.455,426.175,13.568,,3.976,0
6.503,174.817,23103.936,9.438,,415.728,12.885,64.84,,1
6.365,231.226,22910.173,7.46,401.94,266.132,9.15,57.034,4.61,1
7.419,226.57,19496.497,7.179,321.644,371.608,13.298,79.318,3.973,1
5.789,136.547,27021.411,8.959,,570.122,13.099,70.108,4.372,0
6.04,195.791,18743.946,9.975,373.544,500.989,17.468,44.141,1.789,0
7.891,255.871,26390.608,7.153,334.251,402.025,12.619,47.392,4.581,0
7.183,159.594,16749.359,7.944,378.063,284.527,16.457,88.169,5.222,1
6.599,185.458,,4.348,286.242,361.252,12.436,44.24,4.004,1
6.952,282.177,29579.261,6.58,358.158,457.396,10.389,71.733,3.192,1
7.594,174.394,29314.956,6.715,335.318,468.43,16.137,93.756,3.112,1
,186.848,16488.531,8.078,255.782,552.76,11.561,66.743,5.158,0
7.344,198.431,34336.358,3.874,318.163,505.633,13.365,,4.994,1
7.723,182.424,16924.584,7.999,388.045,516.916,15.043,87.162,4.649,1
5.274,188.858,21067.621,6.525,276.741,382.323,10.807,64.327,4.093,0
6.386,230.245,20932.253,7.699,320.019,536.411,,64.74,2.795,1
8.229,181.6,15587.285,6.559,338.963,250.2,16.55,79.13,,1
6.57,184.575,8537.817,6.402,,481.574,15.764,62.868,3.994,1
7.34,193.421,31813.938,6.018,381.955,431.271,15.203,100.515,3.552,1
,194.393,23302.15,5.561,301.269,479.878,6.723,92.701,3.617,1
6.607,204.36,38495.094,6.796,352.76,421.132,13.621,53.594,4.402,0
8.328,,12876.204,6.95,276.384,445.528,12.217,,3.714,1
,175.321,38909.976,8.541,277.461,371.292,11.305,63.107,4.028,1
6.268,,21005.476,6.87,258.214,484.339,13.424,63.41,4.232,1
7.821,183.713,23525.726,9.127,328.058,424.455,16.945,59.865,3.11,0
,238.077,26412.31,7.382,,462.312,13.361,53.835,4.465,1
6.985,235.327,11630.865,4.802,357.55,361.725,13.917,46.596,3.852,1
6.811,127.124,13528.356,6.273,312.841,547.225,14.005,54.092,4.08,1
7.429,204.334,22211.321,6.894,307.926,514.873,15.499,61.728,4.305,1
7.773,221.858,26128.92,4.922,292.906,385.195,6.825,77.607,4.601,1
7.295,234.592,28822.926,5.799,380.578,,11.601,58.598,4.807,1
,193.172,32042.199,6.957,381.862,575.124,14.101,59.612,4.497,0
8.847,186.105,14599.152,7.65,327.686,603.146,11.636,48.108,4.865,0
7.128,163.873,26876.294,5.048,365.845,379.797,,62.028,4.754,1
8.162,145.402,8845.815,5.883,332.483,626.436,15.269,82.528,3.473,0
7.667,195.557,11568.854,4.433,312.043,408.72,11.891,78.033,4.036,1
7.208,168.282,26232.606,6.272,378.982,477.69,16.208,78.179,4.382,1
7.094,177.292,21239.782,9.018,282.844,434.271,14.69,54.692,3.162,0
,168.468,29341.897,8.882,232.825,407.769,12.84,87.416,5.092,0
6.319,180.803,17165.218,6.139,378.047,525.429,13.532,74.512,3.861,1
7.729,217.455,18129.132,5.909,314.798,,11.231,59.872,3.208,1
6.54,180.924,36814.971,6.771,264.745,,10.871,72.914,4.557,1
5.536,229.794,17620.137,6.74,375.094,338.905,13.374,64.835,5.052,1
7.44,180.526,24131.942,5.91,347.545,456.817,,41.286,3.402,1
7.794,167.134,11836.269,9.575,314.697,403.933,11.742,81.841,4.116,1
6.002,232.34,18215.733,4.374,363.368,,19.011,64.75,3.225,0
8.391,269.013,12199.669,,,469.557,8.159,40.323,3.717,0
8.389,209.114,15696.758,8.121,228.302,500.023,13.142,64.262,4.632,0
7.445,141.365,23634.513,7.657,319.725,518.133,12.646,67.661,3.481,1
6.513,217.397,17748.248,7.532,239.82,465.929,13.275,50.084,3.344,1
6.764,209.57,23867.503,6.74,284.11,460.481,15.784,67.182,4.925,1
,161.208,25556.908,,291.913,396.935,14.116,52.583,3.409,1
7.869,172.163,14746.204,,387.199,442.139,11.365,28.623,3.433,0
7.92,239.857,21924.325,7.406,332.565,478.351,11.372,75.802,5.356,0
6.691,136.271,21020.988,5.728,333.631,560.665,16.706,56.324,4.084,1
6.507,202.475,19910.744,7.788,368.537,437.884,18.029,86.334,4.28,1
7.183,222.543,24136.225,7.035,291.742,442.384,13.76,83.321,4.457,1
6.01,191.8,18241.179,6.395,322.164,445.026,22.942,59.727,4.553,1
7.39,212.175,,6.32,377.102,395.806,13.385,78.953,3.542,1
6.611,191.602,32346.489,7.448,367.527,363.074,12.748,87.167,3.943,1
7.258,187.695,43878.841,9.351,261.155,446.861,11.295,69.879,4.161,1
6.602,197.628,14132.371,7.7,344.434,501.488,13.025,72.147,5.013,1
6.464,192.845,17663.189,,353.002,407.311,,64.934,3.625,1
7.09,208.378,23067.181,7.103,281.1,408.56,13.219,102.385,3.477,0
7.24,169.165,28766.96,6.433,352.961,380.032,12.433,39.948,4.088,1
6.233,260.393,27581.482,5.217,393.403,439.598,15.56,41.213,3.513,1
7.024,185.348,24358.334,7.529,303.711,452.927,5.0,66.63,4.557,0
7.695,200.856,32228.271,4.996,329.56,527.752,8.743,65.899,4.937,1
9.04,157.804,14587.784,5.915,360.998,430.863,5.979,60.241,3.621,1
8.171,206.159,25964.625,6.985,389.038,339.948,13.09,67.586,,0
8.703,224.38,23367.157,,303.436,452.621,15.544,81.648,4.452,1
6.855,,30665.156,7.911,299.338,577.69,11.357,80.372,4.341,1
7.195,189.891,16983.843,7.757,379.482,339.928,18.067,59.715,5.118,1
5.914,156.344,33697.06,5.004,236.997,389.785,13.195,91.519,4.104,1
6.259,222.667,33251.082,6.433,397.126,380.49,17.513,55.775,5.019,0
6.544,152.294,20936.773,8.101,373.14,289.63,16.084,65.603,4.051,1
7.443,198.742,12730.242,3.041,382.948,320.81,11.886,73.077,2.863,1
6.926,137.741,23012.984,8.642,318.212,421.844,17.501,52.951,3.112,1
6.244,199.389,16367.75,6.198,436.0,427.788,8.639,70.373,4.161,1
8.12,131.174,27567.125,5.689,315.808,509.756,9.29,66.542,3.339,0
7.649,170.791,19151.137,7.481,353.186,225.283,14.014,52.699,4.955,0
7.281,192.281,34799.73,6.971,293.461,508.165,16.978,42.69,3.682,1
7.619,212.419,23271.137,6.743,362.713,461.654,14.623,84.52,4.437,1
7.056,185.484,19622.93,8.466,359.246,360.727,11.341,83.173,4.028,1
7.242,196.961,24666.396,9.138,394.061,474.303,17.641,52.296,4.059,1
6.591,171.728,30806.878,7.16,300.568,333.629,15.176,79.83,4.415,1
7.41,151.852,23180.692,7.405,365.978,521.489,16.863,69.404,5.25,1
,232.014,11589.989,5.13,312.931,280.748,17.871,48.26,3.685,1
7.018,200.875,50000.0,4.051,303.125,375.049,17.665,67.515,3.872,1
5.471,217.962,31323.154,6.086,308.455,440.141,14.749,70.291,3.428,0
5.717,193.33,24412.077,7.574,349.8,588.843,11.49,40.24,5.608,0
6.357,228.019,,6.637,313.882,432.502,,51.397,3.406,1
7.508,170.92,23682.888,5.093,307.029,478.077,13.293,68.456,5.248,0
7.525,195.246,23954.008,7.141,352.964,474.441,12.751,89.656,3.866,1
6.649,210.825,23598.976,4.933,388.198,375.05,15.766,64.606,3.83,1
6.797,161.733,30445.203,7.455,288.643,429.731,,58.424,2.943,1
7.675,232.281,,6.736,332.058,314.053,14.8,65.433,2.629,1
6.433,236.439,20302.797,6.557,425.814,352.006,12.654,55.473,3.446,0
7.026,184.671,11045.974,9.844,360.739,339.487,14.606,33.426,3.623,1
6.857,162.655,14673.625,5.063,299.569,428.53,10.368,54.436,4.529,1
6.63,,15043.159,7.201,260.589,285.343,13.052,69.169,3.42,1
7.138,222.403,11773.027,7.435,,436.49,13.616,85.775,4.156,1
6.982,241.804,17386.125,8.806,387.564,565.719,10.656,98.646,4.181,0
6.257,196.682,22406.093,7.273,332.901,348.315,6.77,71.497,3.722,0
5.858,234.403,18315.295,7.79,395.791,372.209,,82.575,,1
7.361,227.323,17781.582,5.689,314.089,492.114,18.502,64.855,5.577,1
6.248,202.709,36578.415,7.704,329.099,401.239,13.122,71.548,2.498,1
7.78,152.106,19782.445,7.264,317.775,309.176,12.273,53.156,4.226,0
,156.501,21752.838,7.94,335.31,414.411,16.094,77.433,4.824,1
,224.699,37585.216,5.518,284.616,401.549,18.727,,3.356,1
7.232,212.265,14308.134,6.797,355.773,458.615,11.01,81.091,5.475,1
7.9,250.48,38573.331,9.166,288.882,452.021,13.639,50.194,3.868,0
5.902,169.81,23577.981,7.204,,299.025,14.785,68.336,3.223,1
7.328,229.228,13273.651,8.675,319.282,505.41,15.637,100.671,4.181,1
7.352,172.47,14357.793,7.069,291.544,443.467,15.593,95.682,3.967,1
7.271,233.18,29526.835,6.101,345.484,438.038,13.969,56.214,3.263,1
5.409,153.052,17014.413,7.475,425.125,405.585,16.011,67.058,3.524,1
7.055,185.739,14847.322,8.514,313.107,465.895,12.669,55.493,3.214,1
6.872,179.955,8778.947,8.23,360.034,401.083,15.026,74.275,4.876,1
6.652,206.379,22613.44,,239.769,409.533,15.573,49.947,4.17,1
,170.399,19898.9,9.443,306.226,517.485,15.148,64.052,5.709,1
8.19,239.982,12820.711,6.662,389.666,408.355,14.956,50.848,5.217,0
6.63,213.779,25042.236,6.719,304.788,397.525,17.396,60.755,4.549,0
6.582,206.544,14572.056,8.509,280.224,389.884,17.484,72.273,3.122,1
6.241,190.138,35443.485,8.68,382.487,490.095,11.582,79.601,3.588,0
6.622,173.331,14033.369,8.145,410.024,346.998,14.55,75.571,4.154,1
8.569,195.151,24768.756,4.717,350.003,588.977,12.008,86.889,4.164,1
5.863,182.644,8100.478,3.735,284.525,386.676,13.077,71.101,4.155,0
5.873,222.846,16775.63,7.11,345.659,450.412,14.486,80.79,3.321,1
7.158,194.443,36701.258,7.026,328.386,549.425,8.516,41.348,3.825,0
7.506,191.985,17123.08,8.841,314.508,510.204,11.543,74.38,5.176,0
7.811,211.99,22017.624,8.748,341.207,478.691,15.316,80.708,5.465,0
6.974,235.83,24251.161,5.73,375.669,389.342,16.266,53.869,4.475,1
7.204,224.393,30054.09,9.119,318.812,471.901,18.508,50.329,5.019,1
6.107,203.463,18456.525,4.506,,344.72,15.018,73.236,3.417,1
6.238,200.739,14004.041,7.182,285.797,376.877,13.257,77.609,3.913,1
7.376,214.834,21945.82,,279.645,396.299,17.229,64.525,3.862,1
6.779,240.427,15126.912,3.617,336.595,398.906,11.622,65.388,2.687,1
6.266,207.126,9529.916,6.864,332.346,446.543,10.854,74.827,3.473,1
7.289,161.089,36557.741,7.605,408.834,393.903,10.888,74.692,2.951,1
7.522,212.5,26493.557,7.496,425.672,327.774,14.758,85.539,3.382,1
6.847,205.08,14865.244,6.914,389.221,531.281,11.297,60.868,3.515,1
7.534,122.522,22811.067,4.616,337.311,315.816,13.179,64.73,3.299,1
7.222,213.648,23112.796,7.827,286.846,253.037,11.043,69.441,5.483,1
7.371,196.118,32106.615,,349.2,456.737,15.673,67.228,4.085,1
6.709,238.425,15303.313,4.937,315.574,426.524,14.175,58.984,4.234,1
8.399,196.603,22350.985,9.622,439.257,,13.196,30.41,1.588,1
7.051,215.911,22136.041,7.579,339.861,329.687,22.097,97.355,3.549,1
7.942,251.02,31112.219,7.148,405.479,333.902,18.01,64.582,3.658,0
,190.373,23451.11,6.92,334.619,420.382,17.098,43.151,5.056,1
,167.358,25961.271,4.88,355.377,439.458,14.85,57.619,5.114,1
6.448,181.072,22434.385,8.078,306.521,370.635,13.459,51.944,2.101,1
7.2,134.57,20025.7,6.512,299.386,394.922,11.759,87.331,2.85,1
6.532,175.208,34285.43,9.197,297.989,385.384,12.119,86.217,,0
6.295,273.204,20222.779,7.511,389.829,432.789,14.415,55.448,4.106,0
6.549,186.15,20377.661,7.276,338.947,484.716,15.109,74.14,3.741,1
6.802,252.81,17946.924,6.628,350.181,425.267,16.889,54.565,2.486,1
6.326,192.697,18742.535,8.666,300.266,527.54,17.519,51.302,3.778,0
5.891,244.357,20067.701,6.713,260.858,453.792,15.321,56.199,,1
7.388,206.899,14977.144,5.133,,459.643,11.977,57.959,4.115,1
5.679,,21562.465,4.538,402.915,449.616,18.094,76.394,4.504,1
6.86,171.467,26451.961,9.007,364.644,395.798,13.354,57.602,3.052,1
7.402,172.543,15042.782,5.508,312.438,500.645,14.255,79.953,4.565,1
7.435,204.255,28220.147,,441.51,429.323,13.287,46.059,3.153,0
6.473,,16759.453,6.907,364.899,523.644,14.332,62.467,4.041,1
7.706,233.751,30626.526,5.473,,454.86,9.215,65.324,2.466,1
7.654,215.161,,5.962,362.582,492.413,15.346,90.148,3.748,1
5.794,167.482,15917.912,4.196,349.211,358.946,,72.998,,1
6.342,164.388,27822.955,5.251,303.385,382.897,15.893,68.669,4.055,0
7.524,145.926,10787.254,6.715,376.329,455.541,13.526,67.46,3.977,1
6.966,221.25,33560.686,8.813,246.128,419.103,19.196,75.862,2.934,1
7.617,224.405,50000.0,5.972,275.223,511.873,9.769,65.279,3.661,1
6.411,173.21,20814.202,8.029,406.326,328.211,12.195,105.055,3.251,1
7.097,176.88,42635.903,6.004,393.327,401.42,9.204,46.856,3.98,0
7.268,191.159,18487.896,7.364,274.1,436.105,19.887,68.888,4.957,1
5.518,206.694,12429.531,7.144,301.91,464.779,14.492,95.804,3.891,0
7.662,244.109,21606.829,7.74,367.923,353.926,18.673,66.288,4.828,1
6.603,219.748,48734.861,7.165,383.481,376.013,15.618,42.143,2.735,0
7.129,178.869,22610.005,,304.419,590.166,11.081,51.18,4.582,1
7.018,163.528,20362.146,7.519,339.306,364.317,10.888,73.457,4.275,1
7.051,138.3,10528.291,,356.4,468.837,12.661,78.287,2.764,1
,196.589,26381.087,7.564,249.643,381.911,7.661,31.942,3.808,1
6.484,184.272,12638.99,6.731,305.672,,13.162,68.474,4.145,1
7.441,211.151,11258.478,8.084,289.49,344.496,17.978,62.796,3.935,1
7.22,220.701,35301.745,5.451,239.935,494.662,16.19,,3.858,1
7.035,204.98,23683.448,4.647,288.793,545.646,13.159,,4.859,0
7.723,199.474,33728.052,7.615,339.359,390.339,,41.597,5.479,1
6.844,216.647,19537.773,5.73,321.371,332.064,15.748,35.936,3.739,1
7.092,213.73,29006.338,4.231,325.136,482.111,15.73,72.463,4.913,1
7.059,,26687.694,5.657,330.571,422.752,14.741,60.863,3.256,1
6.461,204.876,29853.778,6.675,365.188,399.73,10.512,70.543,5.033,1
8.257,247.751,26654.402,6.326,390.09,346.918,,76.498,4.09,0
7.287,198.749,21519.283,6.631,287.819,445.782,12.014,59.044,3.725,1
6.454,224.205,31660.318,5.086,425.849,553.132,13.445,56.587,6.018,0
6.975,177.927,9524.408,4.972,317.947,328.987,9.891,66.959,4.663,1
6.59,197.102,27777.792,8.638,278.689,445.019,11.697,74.497,,0
7.829,166.346,29623.567,8.438,339.517,529.617,16.167,55.261,4.304,1
,214.067,30000.36,7.733,322.312,480.531,13.366,90.419,3.475,1
6.585,196.628,16095.936,7.072,361.836,374.08,9.738,67.285,4.008,1
6.424,185.507,39930.996,5.125,324.358,365.892,12.617,78.646,,0
,196.039,21364.724,7.335,349.778,417.695,13.529,92.74,4.516,1
6.493,208.734,26158.899,6.303,364.911,401.223,17.453,73.897,4.797,1
7.15,229.86,18803.677,9.537,310.65,283.431,14.852,80.667,3.974,0
7.381,169.616,29496.155,,260.94,441.429,16.941,90.686,3.394,0
6.475,176.586,30457.612,,287.64,427.61,10.403,66.383,3.69,0
6.6,233.872,25982.427,6.949,363.876,336.614,15.186,86.7,2.23,1
7.35,172.539,39383.579,6.229,368.132,273.107,15.633,67.238,3.421,1
6.887,222.053,29947.439,8.32,342.144,484.174,5.0,58.631,3.931,1
7.468,191.375,21507.494,4.018,419.046,416.435,,48.873,4.5,1
5.998,217.826,41289.004,7.513,386.526,406.164,19.316,48.568,4.052,1
7.243,220.137,33398.125,5.978,345.238,492.497,15.699,81.188,3.203,1
6.433,236.439,20302.797,6.557,425.814,352.006,12.654,55.473,3.446,0
7.897,176.71,34924.457,8.949,,510.37,17.755,48.049,4.228,0
6.909,167.307,16363.559,7.634,301.365,532.76,14.08,84.871,3.462,1
8.423,191.887,11933.74,6.583,370.737,464.405,17.79,70.787,4.027,1
7.181,234.006,25826.505,8.856,322.526,351.739,8.884,45.193,4.112,1
6.388,201.115,25523.008,6.21,343.784,477.083,12.134,60.696,3.587,1
7.522,210.649,22220.218,4.678,350.302,408.886,13.421,90.642,2.613,0
6.305,192.61,,7.211,271.471,442.897,17.459,42.8,4.864,1
8.329,219.54,38643.349,6.676,308.683,476.924,12.042,51.47,3.687,0
7.414,175.606,17847.417,7.117,321.738,471.698,14.744,,1.403,0
6.743,231.109,18354.046,4.655,376.597,533.755,,60.223,,1
7.333,211.894,28927.363,5.332,277.037,521.238,7.133,22.679,2.765,0
6.76,188.189,17853.906,4.727,346.974,345.575,11.681,72.526,4.553,1
7.61,200.697,15445.738,11.185,351.577,404.947,13.966,62.585,4.858,1
6.547,219.814,31237.322,7.482,314.369,413.772,15.165,34.843,3.678,1
6.814,166.682,23658.054,11.438,359.097,445.912,13.183,65.831,3.666,1
6.881,165.193,27070.053,7.715,320.897,323.805,,72.418,3.116,0
7.408,249.92,21056.965,5.846,333.919,435.188,10.279,67.844,4.743,1
7.144,220.877,24921.501,5.512,400.091,431.096,16.92,73.283,3.683,0
7.296,221.3,38714.532,7.371,347.124,416.089,15.699,53.638,1.685,1
6.077,247.591,18369.947,6.842,301.469,,15.849,73.497,3.62,1
7.051,165.986,13142.214,5.789,248.571,306.109,16.728,58.188,4.594,1
5.754,165.394,23953.013,5.738,,468.427,19.088,76.385,3.6,0
6.646,247.157,19824.602,8.016,287.287,409.25,15.973,70.179,3.558,1
7.557,166.5,31814.987,7.129,258.944,415.511,15.5,53.57,4.251,1
7.02,213.647,19210.668,5.726,345.346,548.59,9.307,59.208,2.878,0
7.386,149.797,11044.354,6.02,327.649,540.707,11.047,81.128,4.058,1
6.089,190.782,29855.015,6.639,297.135,466.843,10.472,61.809,4.372,0
6.452,151.916,,5.141,260.715,358.931,15.231,54.812,4.822,1
7.472,216.989,14896.499,,373.418,400.011,19.071,56.216,4.549,1
8.126,246.337,16052.038,,370.436,432.366,15.521,81.605,4.006,1
7.531,216.849,,6.928,349.588,468.748,14.945,37.278,3.545,1
,185.72,25490.028,4.91,359.962,505.257,13.115,94.098,,1
6.973,203.328,24480.516,4.524,288.156,380.604,11.448,84.949,4.112,1
6.972,166.425,28602.884,6.833,317.229,291.301,7.455,56.28,3.841,1
6.066,229.041,20799.24,6.855,298.776,418.488,10.607,62.117,4.273,1
7.288,,24575.939,6.815,357.878,264.875,19.902,61.795,5.439,1
6.836,167.239,21547.227,6.045,305.422,464.114,17.567,63.766,4.519,1
7.422,144.555,13322.3,8.155,345.511,429.564,14.752,85.531,3.403,0
8.408,217.322,16428.93,9.502,288.53,394.718,13.575,95.226,2.903,0
6.511,184.144,19555.353,5.702,359.96,428.622,13.812,51.703,4.126,1
7.473,182.89,13713.049,5.769,,330.064,15.726,56.619,4.1,0
8.142,234.949,20970.025,6.84,,556.114,13.55,75.368,5.158,1
6.72,162.767,29088.431,8.818,300.065,447.473,13.349,57.713,3.803,0
5.818,258.533,18257.73,5.93,358.837,470.696,14.101,75.389,3.328,1
7.568,201.272,22765.064,7.288,316.071,387.066,16.491,41.668,3.746,1
7.446,207.246,27050.086,5.625,363.747,336.309,14.567,64.011,4.764,1
6.824,227.946,19525.566,10.288,380.349,395.118,14.573,71.937,3.427,1
7.515,184.16,23797.043,5.921,377.889,254.686,14.321,80.51,4.425,1
6.848,184.533,11282.374,,291.129,,10.398,45.644,2.557,1
7.64,202.932,13601.775,8.649,277.394,521.537,12.584,,4.761,1
7.148,126.475,18059.301,6.906,295.878,534.189,10.965,76.341,3.692,1
7.397,204.508,23129.515,7.063,306.618,302.983,10.934,79.697,2.4,0
7.379,178.634,33950.272,6.009,369.916,566.183,15.237,18.101,3.425,1
6.413,224.641,19386.632,7.085,325.74,389.869,12.217,45.04,3.574,1
8.919,159.06,16868.949,9.272,338.879,357.381,11.35,56.228,3.63,1
7.12,151.292,16649.74,5.001,392.277,361.283,15.955,91.277,3.644,1
7.532,202.1,18698.421,9.888,,444.022,,40.636,2.531,1
7.658,158.381,23590.424,6.65,296.216,345.424,18.994,43.816,3.323,1
6.983,212.089,28439.647,7.123,295.602,491.874,18.849,59.123,4.196,1
6.474,190.005,29860.334,6.641,,381.113,18.092,61.845,2.898,1
6.97,189.023,19063.671,7.157,390.635,495.736,12.8,69.224,4.318,1
7.575,220.24,15158.561,6.829,341.939,489.669,12.382,74.634,3.836,1
6.689,155.923,25865.544,6.837,323.516,410.075,8.531,84.023,3.77,1
7.988,214.37,31753.768,6.33,351.008,544.218,15.486,55.961,4.045,1
6.706,248.111,23229.109,6.116,369.857,400.966,20.206,80.854,3.585,0
6.59,224.492,17647.301,5.768,382.512,391.079,7.947,74.608,3.313,1
7.295,199.051,22368.756,6.655,273.825,305.533,17.425,64.183,3.43,1
5.983,210.122,34587.879,9.158,324.792,324.963,22.007,59.621,3.524,0
7.654,200.966,12400.444,8.224,400.436,547.607,14.211,74.328,5.326,1
6.144,185.415,29838.627,5.977,310.304,424.326,,88.977,3.337,1
7.979,212.518,19395.26,8.771,400.532,297.624,13.799,73.86,3.179,1
5.449,179.577,23439.307,8.024,316.603,423.625,17.519,48.013,4.765,1
7.372,171.36,,9.716,309.678,435.651,12.972,57.27,,0
6.902,234.045,,6.614,334.352,495.724,8.227,72.901,3.337,1
7.497,176.939,28744.685,6.808,381.891,249.767,20.381,59.502,3.513,0
7.125,124.982,25268.841,4.589,314.879,496.926,12.755,,3.622,1
6.483,,27913.755,7.803,320.413,394.018,9.183,77.004,3.062,1
8.148,256.406,28036.623,6.091,256.896,362.241,,58.231,3.435,1
7.484,161.701,31239.432,6.343,406.634,369.189,12.14,72.945,5.089,0
7.191,241.427,25126.331,6.618,306.58,288.786,13.087,41.889,3.312,1
7.778,206.229,25122.052,7.23,378.159,402.01,13.205,55.105,3.664,1
6.251,253.484,22067.738,7.301,,501.651,15.741,58.215,3.809,1
7.073,,31357.879,4.982,397.515,275.565,14.562,77.617,,0
7.689,179.578,21594.855,5.564,451.617,485.682,11.431,53.664,3.358,1
6.789,176.548,32042.367,3.302,367.031,452.292,15.933,71.903,3.656,1
6.275,223.345,39878.808,6.217,297.783,485.981,15.864,66.494,3.44,1
6.843,209.616,26372.996,5.836,371.878,360.868,14.946,85.332,4.068,1
7.8,182.941,36586.849,6.979,360.827,338.33,12.979,60.45,4.355,1
6.192,218.303,23546.11,6.26,331.676,580.869,15.402,55.742,3.287,0
7.143,227.899,32053.701,7.215,266.934,391.281,16.264,73.824,3.754,1
5.886,181.563,23953.742,9.046,274.051,342.246,9.937,60.031,4.212,1
6.958,,20130.898,5.407,374.071,327.839,12.791,63.007,3.51,1
7.757,226.446,13703.68,7.572,335.928,508.368,12.352,71.233,2.952,1
6.946,250.74,44171.779,10.355,419.697,419.697,11.625,64.88,4.517,1
8.374,117.958,13725.096,6.03,244.608,439.067,17.283,73.42,3.494,1
7.858,149.562,19556.487,,342.918,346.96,13.412,58.612,,1
6.592,174.312,21411.694,5.962,377.033,325.728,16.857,64.176,5.441,1
7.852,195.155,22968.411,9.631,313.42,427.31,14.218,68.143,3.533,1
7.356,219.44,46771.194,9.049,311.847,476.047,18.233,63.453,4.625,1
7.481,173.703,31495.058,10.15,324.764,423.666,11.245,118.546,3.699,0
6.355,195.977,11538.793,5.069,339.747,,10.861,55.391,4.577,1
6.957,215.041,,8.626,252.244,313.283,17.538,73.347,,1
6.895,187.802,37147.3,6.033,383.131,371.215,18.612,74.866,5.045,0
6.624,247.593,35241.398,7.66,346.61,285.56,9.377,36.14,4.239,0
7.106,236.924,13763.46,7.914,355.874,363.735,15.91,53.572,4.679,0
,184.172,33421.836,7.739,341.193,335.149,14.497,61.185,5.441,0
6.397,159.838,23673.517,7.523,294.939,400.066,12.045,79.313,4.874,1
8.05,178.757,21638.253,8.449,,305.936,14.692,79.905,4.989,1
,153.681,16359.627,4.582,,387.915,18.457,68.683,4.499,0
7.242,174.336,17332.084,8.72,371.683,404.378,17.181,33.76,4.647,1
5.731,204.006,26264.725,8.414,313.87,434.13,14.397,60.758,3.644,1
,209.326,23534.122,6.218,376.318,363.466,11.228,81.017,3.971,1
7.132,241.963,37641.651,4.718,296.7,444.192,20.732,83.098,4.229,0
8.83,267.001,31857.646,7.014,295.789,490.741,13.837,30.572,3.537,0
8.385,198.624,26286.497,5.174,286.9,508.591,12.982,91.837,4.9,0
,260.755,26149.28,5.901,328.617,510.637,5.768,60.068,3.554,1
7.008,208.067,30089.28,5.005,355.574,466.744,12.633,76.283,,1
7.14,235.598,19864.355,8.818,330.949,358.536,13.746,69.516,3.332,1
7.89,194.994,25463.109,6.422,316.272,413.035,19.617,63.419,3.658,1
6.918,284.309,25520.087,6.232,339.006,498.543,14.01,41.95,2.117,1
5.79,233.09,22877.918,4.874,336.793,499.844,8.12,63.995,3.29,1
8.412,212.72,44540.048,6.317,286.047,376.869,,76.731,3.836,0
7.486,185.686,27901.164,6.071,354.869,456.634,14.571,70.688,3.763,1
8.184,,25558.075,5.372,285.546,352.74,11.715,54.24,4.18,0
7.824,226.5,10599.166,6.346,323.184,442.599,13.554,74.745,4.122,1
7.625,198.936,34570.071,6.593,351.684,507.231,20.047,50.993,3.861,1
7.738,213.512,18605.867,6.375,385.956,403.379,16.202,84.539,4.592,1
,196.226,13451.564,6.31,323.295,425.038,18.017,68.771,3.18,1
7.518,179.713,13309.447,9.458,321.645,,17.795,73.278,5.565,0
7.163,180.41,13796.95,7.523,341.059,447.735,16.933,69.099,2.244,1
7.569,180.837,16880.769,7.531,317.964,439.916,11.895,105.038,4.135,1
7.251,173.293,11476.191,6.068,324.029,431.512,9.084,46.058,4.009,1
7.282,207.22,41411.61,4.196,369.113,551.932,14.043,46.391,4.214,0
6.109,202.893,29648.35,7.605,324.092,300.053,12.821,55.998,2.3,1
5.646,175.472,23248.926,6.589,398.318,401.818,13.744,102.827,4.892,0
7.276,220.939,15407.046,7.322,316.207,343.631,18.088,62.154,3.844,1
7.354,211.156,15668.184,4.835,403.549,501.117,15.006,39.248,3.765,1
6.033,253.447,23951.984,7.038,456.608,270.6,,44.311,3.234,0
6.531,243.413,16051.583,6.404,306.488,354.578,5.359,87.788,4.044,1
6.727,166.256,15548.258,9.077,377.193,450.186,13.765,61.63,4.654,0
7.869,175.864,20358.791,7.222,299.568,411.317,10.875,62.797,3.521,1
7.112,146.486,20289.168,8.128,285.038,306.857,14.914,90.448,3.713,1
8.195,240.851,19144.665,9.003,294.015,390.404,17.049,44.971,3.293,1
7.576,208.919,,5.655,298.399,445.969,14.561,52.458,4.026,1
7.95,258.667,45081.713,8.197,317.553,481.425,14.509,90.705,3.68,0
6.653,188.612,23957.418,,311.989,447.811,10.827,63.484,3.767,1
7.083,212.445,14478.86,8.259,329.595,457.673,19.545,60.56,4.245,1
6.381,226.002,23419.889,8.353,284.408,378.981,14.63,71.262,4.807,1
,199.339,30673.545,6.744,326.82,605.274,13.59,78.307,2.828,1
7.793,212.419,21425.022,7.144,289.827,341.373,14.727,72.62,4.68,1
7.342,205.92,17429.16,3.435,284.389,439.269,12.455,65.605,4.651,1
8.415,173.843,21038.694,6.143,321.151,549.004,14.879,72.732,3.281,1
6.84,239.541,19702.826,6.416,315.616,514.618,12.964,56.768,2.916,1
7.698,207.753,26855.176,7.381,354.765,448.982,11.258,62.997,3.576,1
6.504,267.402,22555.552,6.066,300.141,459.524,14.555,46.787,4.349,1
7.489,170.093,,5.622,345.078,245.537,17.183,58.05,4.45,1
7.593,217.483,19046.898,6.177,297.829,486.574,15.708,56.132,4.438,1
6.059,190.47,19289.688,6.798,329.374,450.965,11.954,67.944,4.106,1
6.771,244.525,18654.398,8.067,376.299,505.018,,56.608,4.172,1
6.042,171.575,22032.594,7.407,306.648,537.828,15.054,63.784,,1
6.973,203.628,13993.929,6.112,243.792,441.596,12.111,,3.256,0
8.085,223.507,17524.555,6.933,304.972,383.324,11.607,57.156,4.003,1
6.103,127.929,24498.537,,327.048,397.691,17.498,,4.452,0
8.219,168.426,30888.737,7.623,376.372,493.622,16.353,63.74,4.585,0
6.929,189.505,31193.623,3.86,295.298,401.436,16.731,72.865,5.165,0
6.46,218.702,16610.813,8.141,346.941,414.282,18.901,67.52,3.88,1
5.525,191.855,15640.444,8.198,347.237,491.815,9.67,59.383,3.594,1
7.428,209.628,31177.099,8.814,356.679,420.537,16.035,63.496,3.577,1
7.034,210.327,16538.004,6.346,247.641,509.849,13.099,73.353,4.171,1
6.449,205.541,25729.298,6.249,270.98,572.494,13.152,72.384,4.115,0
6.423,172.997,10288.147,7.203,321.046,386.06,12.012,82.441,3.006,1
7.718,225.83,25531.294,8.442,346.479,451.198,16.272,85.79,5.533,1
6.371,229.335,29075.274,5.163,326.291,300.802,15.513,63.556,3.43,0
6.092,243.492,20539.384,6.858,285.928,341.399,12.635,90.996,2.817,0
6.079,192.263,26701.736,6.878,284.712,440.046,15.731,40.829,4.015,1
6.411,,12811.131,8.679,291.51,443.199,14.628,57.291,3.572,1
8.017,217.74,14060.672,5.784,315.404,468.696,12.398,59.802,4.731,1
6.834,156.349,25485.496,3.762,300.448,395.375,14.424,34.203,4.753,0
7.91,100.284,18770.185,7.711,376.27,406.742,11.653,35.558,4.239,0
6.947,219.766,21163.078,6.595,323.529,472.045,13.084,47.477,4.811,1
7.88,208.447,17519.447,6.567,409.968,438.588,10.522,51.501,,1
7.927,216.495,19740.356,9.128,401.757,420.544,,45.497,2.844,1
7.163,180.41,13796.95,7.523,341.059,447.735,16.933,69.099,2.244,1
6.641,186.298,27931.827,9.169,321.889,423.4,13.0,77.634,6.29,0
7.638,181.094,14799.12,7.426,324.417,540.734,13.975,73.183,3.806,1
6.473,169.016,14015.093,10.655,361.747,427.871,15.173,58.904,3.636,1
6.809,174.87,15584.781,5.008,282.941,406.836,15.964,36.79,4.115,1
7.877,164.134,21405.796,8.861,298.44,647.47,19.752,79.734,,1
6.68,116.39,17488.644,5.263,295.089,445.511,18.598,72.961,3.948,1
7.13,232.055,24700.918,7.659,270.997,519.04,11.519,107.285,2.52,1
7.085,175.079,16428.693,7.49,413.304,268.375,17.599,42.782,4.246,1
6.768,160.271,28763.288,7.652,346.202,417.832,12.585,79.771,4.402,1
6.38,211.243,24500.827,7.952,349.758,414.933,18.696,,2.968,1
7.564,260.778,17048.818,5.375,317.134,565.039,13.402,70.953,3.3,1
6.082,199.138,23564.157,6.259,434.589,436.234,13.16,56.096,,0
8.118,211.553,24022.798,5.205,327.246,522.286,8.812,44.542,3.684,0
8.841,201.607,9410.304,6.18,319.941,523.054,17.444,48.054,3.749,0
6.197,174.54,11587.81,6.386,276.415,520.307,18.149,61.541,4.35,1
5.125,187.232,28014.098,8.327,348.129,360.449,15.652,67.82,4.787,0
7.569,158.631,19009.556,8.89,273.517,388.581,15.661,31.87,3.519,1
,220.322,32204.682,7.237,234.281,379.822,9.003,43.369,4.11,0
6.365,194.435,39572.104,6.873,314.189,442.603,15.845,92.239,4.586,1
7.489,199.954,24644.692,6.718,341.82,353.414,18.17,52.804,2.661,1
6.913,193.103,29743.633,8.566,358.828,289.523,19.746,61.812,3.152,1
7.14,153.553,21143.324,,269.419,469.201,18.941,61.07,4.42,1
8.643,230.432,21385.967,8.371,270.792,527.333,,65.643,5.151,0
5.967,189.305,18265.853,5.8,302.751,288.219,12.764,70.154,3.372,1
7.03,205.35,29512.522,7.829,327.935,395.921,14.882,67.559,4.024,1
6.492,230.751,,6.792,290.945,433.435,12.883,,1.785,1
7.457,206.37,8149.163,6.762,363.881,419.901,10.807,51.531,,1
6.402,263.191,26975.861,7.144,344.657,355.629,7.547,79.057,3.865,1
7.271,190.598,18146.943,7.807,367.429,485.281,15.889,52.523,3.057,1
7.168,210.668,25043.558,5.425,339.999,537.251,10.259,66.676,4.085,1
6.352,189.919,14932.463,8.666,270.874,284.547,15.545,66.832,4.619,1
6.543,215.268,28289.439,6.477,320.901,,14.36,71.311,3.941,1
7.471,170.643,22568.348,4.302,264.729,423.235,,71.231,3.46,0
6.834,223.378,9766.244,6.454,380.891,349.509,13.223,63.688,3.349,1
7.362,240.559,15227.21,7.309,295.25,391.194,13.604,59.8,3.255,1
6.758,180.542,21511.292,7.292,314.698,577.612,13.598,29.468,,1
,,12819.29,8.004,358.534,351.35,13.005,69.497,3.603,1
6.97,189.302,25141.021,8.058,343.526,417.839,,58.909,4.044,1
6.203,145.308,32943.668,5.907,364.47,522.721,19.51,57.578,4.24,1
6.835,137.42,24033.328,7.195,239.861,357.906,11.941,90.083,4.095,1
6.87,203.175,50000.0,8.157,269.872,414.513,13.256,60.063,4.663,0
7.303,182.262,14178.76,8.065,399.041,419.946,11.725,80.238,3.452,0
7.418,192.073,16613.979,6.479,356.96,448.713,15.816,68.14,3.32,1
6.153,180.959,20786.403,5.636,363.525,484.729,13.394,103.893,3.46,1
6.577,189.552,23621.919,6.476,297.157,505.613,12.436,87.75,3.707,1
6.904,203.382,14576.079,9.339,325.926,366.68,9.519,83.17,4.406,0
7.31,194.937,16186.404,8.557,320.707,355.443,14.366,62.883,4.473,1
8.324,219.933,34184.56,6.333,314.983,412.655,13.919,83.055,4.772,0
6.556,164.907,16478.618,6.375,349.748,420.604,12.18,76.211,3.384,0
7.275,189.887,24072.307,7.07,310.824,452.463,15.908,77.325,4.274,1
6.819,241.135,15207.081,6.271,314.411,303.078,16.074,65.118,3.199,1
6.586,166.356,22867.8,7.633,347.368,303.618,9.668,58.437,2.591,1
7.731,169.853,14867.852,8.727,346.04,331.563,,70.024,3.904,1
6.081,246.029,17420.46,9.2,,394.532,12.234,53.259,4.002,1
6.602,207.759,18494.716,6.185,331.323,376.617,11.666,64.599,4.129,1
7.196,197.395,,9.443,361.872,462.671,12.773,83.174,3.431,0
5.975,181.179,20578.301,3.878,324.502,399.518,16.753,72.677,3.872,1
7.036,185.982,23394.013,7.011,330.866,416.674,15.436,70.008,,1
7.737,222.201,11268.016,7.899,267.608,484.654,14.85,71.119,3.68,1
6.038,203.722,10121.084,6.872,331.729,492.147,17.098,60.099,4.641,1
8.221,172.609,33402.541,5.695,389.529,494.573,14.234,76.462,3.293,0
8.317,229.252,34718.415,6.257,293.153,476.349,19.233,49.313,3.874,1
6.743,153.759,19208.396,6.489,324.592,538.12,13.664,91.085,4.324,1
8.127,216.429,20872.454,5.549,333.969,521.017,12.709,77.216,,1
5.035,212.035,17787.01,9.486,422.695,466.848,12.186,69.706,,0
7.437,146.879,21722.025,7.492,291.913,414.778,10.852,72.085,4.75,1
8.622,194.3,31609.182,8.753,311.618,373.885,,58.264,3.691,0
6.638,196.765,23243.772,8.296,279.005,477.192,10.855,65.761,4.628,1
6.464,185.318,14104.883,4.918,343.81,436.868,12.92,,3.109,0
8.246,253.018,23823.346,8.985,377.356,611.809,13.808,59.245,4.296,0
6.665,181.366,21544.128,4.887,342.889,482.162,7.739,43.063,5.007,1
7.56,183.567,28934.894,5.422,306.504,371.061,12.848,79.548,4.581,1
8.059,184.433,22540.685,8.266,362.924,506.066,11.326,80.549,2.964,1
6.216,214.673,22117.22,8.362,290.405,377.929,12.468,73.723,3.353,1
6.634,251.518,18542.693,7.562,299.614,416.562,,73.221,4.23,1
6.666,187.048,12820.704,4.126,407.882,554.823,14.163,41.466,3.276,1
8.92,184.175,20510.133,6.142,288.648,360.848,12.497,68.484,3.053,1
5.723,154.413,19768.223,9.047,355.67,434.578,18.935,52.337,5.101,1
7.713,191.604,29039.412,8.71,347.403,395.959,14.079,68.596,3.797,1
7.475,157.794,35058.256,5.955,285.495,395.265,17.019,75.236,3.286,1
6.432,203.489,,,381.828,200.0,15.482,93.912,3.919,1
6.83,235.988,19180.336,6.442,333.84,433.637,21.199,84.02,3.339,1
5.927,205.858,25269.026,5.396,,547.233,10.378,71.707,5.215,0
7.088,171.268,26677.529,7.378,310.85,515.675,11.296,75.895,,1
8.21,139.16,13503.774,5.863,373.425,484.173,16.883,63.09,4.612,1
7.671,187.57,20163.364,7.263,351.686,422.007,14.187,42.842,3.069,0
6.123,135.994,31477.663,7.771,278.198,579.015,17.367,52.912,4.077,1
7.497,157.297,28413.89,7.274,344.81,321.076,10.364,70.035,4.918,1
6.721,180.677,21332.047,7.564,365.097,487.922,20.548,59.679,3.356,0
7.304,161.672,32861.336,5.23,,425.04,14.228,,3.881,1
8.935,182.682,29432.76,,358.231,471.581,12.702,47.026,5.052,0
7.209,200.52,23755.124,6.216,365.893,303.392,16.062,42.341,5.316,1
8.154,166.325,23659.704,4.551,403.025,438.611,18.14,36.624,4.013,1
6.706,190.372,23149.539,5.134,374.01,553.162,11.634,57.005,4.162,1
6.806,170.262,18128.06,5.895,316.783,444.394,11.145,91.712,2.794,1
6.207,217.522,,7.578,383.281,480.109,10.851,79.969,3.108,1
7.022,170.848,8760.797,5.35,300.483,501.118,12.145,53.514,3.444,1
6.564,255.155,18730.676,8.183,325.033,460.741,20.606,46.407,3.57,1
6.726,236.943,31542.538,6.92,,560.116,15.965,65.976,3.956,1
6.615,221.107,22060.761,7.449,197.717,480.85,13.473,68.728,3.918,1
7.502,114.005,19042.963,4.346,307.331,437.54,16.037,67.697,2.911,1
6.578,,11353.646,4.824,284.629,410.553,15.724,51.274,3.639,1
7.086,229.128,15771.803,6.706,254.25,554.454,12.458,67.361,2.279,1
6.739,191.173,24870.243,6.095,320.801,286.846,17.479,93.97,5.267,0
6.995,187.717,10858.779,8.797,343.003,278.646,15.248,51.282,3.596,1
7.373,166.483,19915.689,7.657,323.012,454.133,16.056,66.705,,0
7.102,252.158,28122.378,4.575,342.876,415.867,15.243,71.733,3.126,1
7.446,147.467,20671.815,8.734,419.276,378.242,15.55,79.497,5.137,1
6.776,109.497,25467.789,8.345,306.573,407.077,14.57,91.662,4.052,1
6.394,226.492,25902.34,7.209,369.63,452.59,16.298,57.173,4.38,1
7.195,172.987,19620.725,7.122,371.98,473.483,16.41,28.793,5.236,1
,239.957,25700.537,,286.931,602.768,21.71,66.301,4.33,1
6.224,210.031,23262.772,6.843,302.015,447.213,13.418,64.786,3.976,1
7.749,146.444,16177.968,6.618,294.146,326.035,,61.151,,1
6.167,183.456,11506.332,7.834,278.994,449.653,13.464,43.491,4.713,1
6.749,207.573,,7.573,326.277,477.551,10.225,71.799,3.158,1
6.934,220.019,18043.84,6.599,319.637,422.995,19.81,86.404,3.433,1
5.057,179.686,13266.215,6.86,303.318,400.03,7.034,104.375,3.274,1
8.221,215.302,15273.82,9.059,341.125,333.703,15.289,79.035,4.116,0
7.531,218.071,20208.391,7.232,283.399,383.487,12.28,63.853,4.333,1
8.508,189.055,26748.013,3.928,285.599,520.16,15.21,71.57,4.536,0
6.816,176.248,12180.404,5.03,331.464,517.847,13.661,75.075,4.455,1
8.161,186.557,16299.661,,368.918,375.836,11.42,39.46,5.04,0
8.263,151.222,17302.392,7.937,316.025,570.433,10.669,101.066,3.579,1
6.661,224.873,33721.697,7.34,332.829,432.207,17.025,63.757,4.258,1
7.549,210.552,13682.464,5.878,337.46,,15.288,37.918,3.371,1
7.701,234.408,26455.306,6.755,427.67,323.222,13.718,63.551,3.72,1
5.94,143.537,10848.946,,423.683,586.354,7.673,78.576,3.877,0
7.476,217.733,12250.045,8.6,368.73,378.807,16.778,97.01,4.801,1
6.662,234.524,17920.902,6.972,446.853,488.386,13.939,77.509,4.514,1
6.899,211.041,27404.429,5.831,258.738,519.486,17.225,68.584,3.775,1
6.21,223.985,24406.375,8.741,255.984,277.337,16.895,47.946,3.817,1
5.085,213.656,30691.926,9.602,329.481,480.238,13.59,48.638,2.113,1
6.879,194.815,18613.116,7.003,397.644,380.725,12.355,77.263,4.1,1
8.122,234.212,17761.934,5.965,,491.397,15.205,75.964,2.846,1
8.035,162.115,13679.677,8.314,327.097,328.049,14.072,84.561,4.083,1
6.817,169.342,14482.766,5.881,330.529,559.211,10.643,66.586,4.901,0
7.533,152.715,16572.74,7.518,372.13,399.187,12.895,57.981,3.187,1
7.653,184.739,12781.683,6.334,326.256,553.264,13.978,76.276,3.411,1
8.185,206.882,18570.635,6.337,233.082,281.336,14.05,71.19,3.789,1
6.17,144.278,20351.94,7.29,251.454,353.536,18.417,73.473,4.426,1
6.522,211.446,7678.092,7.392,377.443,447.524,14.449,,4.162,1
5.385,179.073,7933.171,7.004,311.827,459.621,16.227,66.188,3.275,1
,187.719,30188.124,8.151,278.988,370.032,16.885,59.985,4.769,1
7.586,189.244,20416.279,8.212,258.64,426.245,16.057,62.203,4.325,1
7.719,196.007,,7.244,293.555,544.25,14.734,53.124,2.785,1
6.565,163.323,28668.913,6.634,340.648,373.749,15.975,84.063,4.863,1
6.925,218.246,12183.294,8.904,325.697,449.193,13.277,64.674,4.728,1
7.818,189.904,32856.582,6.659,300.234,313.462,12.728,64.853,1.462,0
7.897,201.455,17780.808,6.923,336.32,457.014,,55.821,3.983,1
7.323,159.82,10078.24,5.847,290.207,412.116,15.143,50.597,3.766,1
7.407,167.082,20760.901,8.903,326.832,411.257,14.829,62.58,3.136,1
6.206,195.384,19630.384,,349.615,451.029,17.087,59.359,4.67,1
5.439,165.371,15396.637,6.777,306.534,545.211,13.655,63.277,2.782,1
6.637,231.231,17104.715,6.526,370.721,362.799,13.677,67.246,3.98,1
6.633,213.108,24236.166,3.569,302.138,346.713,19.076,113.512,,0
6.567,208.495,21079.952,6.813,,373.512,12.694,39.835,4.323,1
7.484,208.453,23876.37,7.333,327.587,508.655,12.265,69.877,3.262,1
7.896,,21005.717,4.938,,497.336,11.956,88.191,3.252,0
8.951,134.901,28495.769,,331.942,338.853,14.741,51.53,3.573,0
6.496,172.241,32015.428,9.49,345.321,449.372,,,3.048,1
8.474,,22268.926,8.639,296.179,316.704,17.942,71.934,5.237,1
7.286,171.735,,7.59,,485.21,16.172,66.392,2.523,1
7.427,210.822,13921.898,7.972,379.356,296.82,15.176,40.043,4.269,1
8.432,169.275,18709.167,6.056,374.63,448.239,19.806,31.421,2.892,0
,160.079,20338.809,6.374,273.239,346.75,13.278,62.871,3.441,1
5.828,287.789,14095.714,6.736,311.217,368.212,11.787,66.347,4.425,0
7.494,155.728,22353.088,5.932,268.627,415.392,11.696,47.728,3.117,1
6.266,249.55,10896.401,7.037,376.226,324.971,20.219,55.933,4.19,0
6.567,224.235,26542.422,7.059,403.877,392.093,12.762,80.815,5.162,1
6.062,191.011,24432.62,7.731,367.994,458.051,5.0,52.619,5.274,0
7.696,133.565,27802.793,7.289,367.388,389.386,11.102,82.85,3.631,1
7.64,243.262,15983.527,7.068,339.208,491.611,12.431,70.909,4.546,1
5.749,203.978,44959.713,9.028,333.526,476.953,15.426,85.092,3.266,0
,231.873,20646.283,7.326,342.921,406.858,14.209,65.074,5.162,1
,,23584.282,8.857,414.628,465.134,12.081,73.282,3.266,1
7.241,152.214,38735.15,8.44,331.98,,12.027,83.255,4.815,0
6.784,221.828,16413.763,10.701,,448.201,11.622,73.94,3.157,0
8.351,253.898,25159.73,5.984,297.74,380.041,13.564,82.62,4.561,0
7.458,177.438,39279.994,6.525,405.674,384.722,14.007,67.704,4.29,1
7.354,221.965,17230.354,6.826,283.821,398.713,18.246,,3.247,0
8.18,184.755,23399.365,7.578,265.134,,14.42,,2.945,0
,175.133,14826.54,6.548,304.738,411.014,14.032,68.497,3.439,1
,193.804,27497.803,6.359,383.788,444.162,14.889,60.517,4.604,1
6.309,176.673,16402.439,8.388,421.175,356.945,14.306,84.344,3.209,1
7.244,231.324,50000.0,7.437,277.13,340.105,18.121,52.776,4.817,1
6.027,189.783,20727.308,6.864,327.858,260.229,15.209,38.825,5.068,0
6.362,226.45,18996.225,5.86,316.788,467.802,15.461,76.47,,1
8.385,206.49,35356.879,5.849,331.707,361.478,13.421,66.32,3.273,0
5.509,175.07,31926.034,6.026,334.408,441.046,15.502,41.184,3.07,0
7.774,194.547,22099.003,8.249,341.629,389.349,13.586,76.454,3.976,1
6.435,169.208,18547.696,8.441,369.128,401.874,16.226,62.436,3.184,1
5.445,127.093,28069.996,7.196,309.678,428.642,12.536,55.073,4.608,0
6.326,213.391,27394.91,6.412,297.925,440.969,14.29,38.127,3.488,1
6.768,188.849,21251.907,7.158,325.46,378.138,18.997,66.118,3.853,1
7.355,204.548,35739.794,7.825,307.906,283.61,16.93,67.143,3.526,0
5.351,176.648,24988.911,6.097,368.467,436.4,13.654,70.95,4.339,0
7.212,210.419,24363.588,4.991,293.247,500.705,13.715,71.597,4.143,1
6.728,187.073,17147.49,5.009,352.679,418.864,10.189,54.749,3.805,1
6.512,201.912,18309.327,,351.907,316.711,14.407,,3.463,1
8.108,160.683,49964.931,7.127,384.947,451.505,9.748,82.908,2.684,0
5.944,197.918,31852.675,9.009,300.131,332.571,13.794,65.804,3.861,0
7.256,202.195,10854.413,7.109,356.466,469.247,11.337,56.37,4.125,1
8.296,154.009,11956.378,6.601,303.009,490.669,8.833,63.042,3.26,0
8.037,216.836,11546.452,7.668,289.353,405.876,10.702,71.843,4.453,1
6.685,226.982,20690.197,5.708,374.387,453.722,14.733,54.266,4.772,1
6.401,233.446,25613.47,7.612,376.154,,14.106,76.92,4.677,0
6.813,192.696,24174.434,7.703,328.22,369.466,9.964,72.547,3.935,1
5.833,189.77,23251.594,8.454,345.097,389.971,10.103,83.448,3.501,0
6.832,179.001,16176.776,6.541,349.76,470.466,5.898,46.021,2.883,1
6.798,217.4,39104.002,7.164,314.045,367.221,12.668,58.114,4.818,0
6.942,163.114,34428.131,7.042,332.516,561.81,13.267,67.286,2.572,1
6.004,192.148,32398.353,7.127,403.623,412.458,12.229,39.51,,1
7.299,188.627,20248.653,8.532,402.955,340.745,17.499,60.87,4.59,1
7.073,144.737,26892.65,7.214,335.43,484.572,14.698,66.546,2.771,1
7.339,194.275,50000.0,8.31,349.304,358.19,13.34,78.111,4.455,1
8.346,228.684,29568.615,7.731,281.55,488.555,15.85,88.718,3.994,0
6.178,134.314,17899.561,6.244,321.41,344.416,12.801,69.568,3.661,1
7.039,194.924,26208.729,7.773,335.507,509.637,15.384,50.634,3.108,1
8.689,141.476,25421.419,6.88,319.281,502.301,16.749,73.912,4.921,0
6.911,240.787,26095.52,6.659,365.359,445.64,9.832,69.479,3.895,1
5.963,185.765,29397.888,5.365,334.405,463.711,10.684,43.825,5.379,1
7.31,171.593,27170.331,5.833,275.708,477.055,17.082,58.593,3.56,1
6.55,211.654,12208.249,7.069,356.867,398.327,13.371,68.157,4.325,1
6.14,184.492,34479.962,7.927,295.353,442.748,21.279,49.761,3.024,1
6.548,179.218,16499.265,9.16,371.391,539.122,12.892,62.257,2.655,1
6.197,210.633,18924.061,9.015,317.812,,15.812,87.515,3.365,0
6.435,178.441,25983.019,5.815,410.549,527.306,9.677,67.334,4.471,1
7.187,175.978,,5.986,345.838,457.811,12.121,65.287,3.64,1
8.11,246.577,25127.456,7.29,293.898,442.629,14.292,45.044,3.718,0
8.083,240.908,16670.809,8.06,309.792,388.892,16.536,60.134,3.509,1
5.501,189.412,27913.851,8.251,380.367,418.303,10.17,59.785,3.088,1
7.299,229.443,24395.299,8.528,401.763,387.99,12.107,61.501,2.594,0
6.363,209.976,28712.678,5.321,365.339,350.923,13.343,53.543,4.453,1
6.308,194.609,27098.118,4.827,,498.876,8.974,100.948,4.02,1
6.982,186.593,25957.565,7.351,392.617,343.152,10.969,77.847,3.46,1
8.608,159.943,46280.118,5.024,333.886,453.633,20.106,66.703,2.517,1
7.306,,19204.047,5.374,257.646,327.638,17.912,42.965,4.308,1
7.011,173.356,19949.715,8.441,458.698,346.094,14.482,59.086,3.828,1
7.976,183.338,15254.889,8.972,348.08,437.473,10.74,,3.599,1
7.33,125.422,45771.505,8.233,379.273,340.957,19.692,91.797,4.329,1
6.16,245.733,21534.708,6.967,430.341,495.02,14.91,48.637,4.749,1
7.193,193.341,7891.099,7.08,293.144,378.44,10.692,76.597,3.732,1
7.008,198.988,36956.026,6.696,337.272,425.435,18.863,82.989,4.723,1
,214.701,13018.701,3.265,416.313,347.067,15.586,46.731,5.235,1
7.615,204.172,36354.684,5.838,331.815,387.969,11.063,64.032,5.031,1
6.481,218.544,20451.957,8.292,256.207,512.25,14.785,73.571,3.731,1
8.107,179.816,29515.773,8.636,362.795,393.629,14.863,61.695,4.985,1
7.016,211.719,14134.806,7.843,302.165,415.338,10.896,64.694,4.257,1
7.767,248.031,14520.984,9.834,282.347,413.844,12.206,44.915,4.325,1
8.658,177.765,20358.625,4.728,382.186,434.249,16.627,67.495,3.932,0
7.511,196.108,12695.327,8.584,242.578,291.954,19.277,53.254,4.185,1
6.543,209.832,16199.655,7.251,332.075,,17.385,61.426,3.986,1
6.533,185.967,32300.978,6.559,366.387,,18.147,62.271,4.314,1
7.772,222.551,27462.565,5.202,319.285,386.01,16.836,97.393,3.309,0
7.113,,,7.911,382.56,414.667,,62.169,3.584,1
6.602,231.658,13531.937,6.4,357.765,447.398,10.936,76.597,3.788,1
6.811,210.966,22263.578,7.939,336.97,371.245,19.863,43.998,2.911,1
7.616,202.067,21413.361,6.939,344.845,362.348,14.468,55.503,3.86,1
6.022,164.181,27009.819,6.053,305.594,487.385,10.187,50.798,4.072,1
6.648,241.528,26403.337,6.107,253.783,503.713,14.056,63.755,4.03,1
,209.67,15690.568,6.5,310.885,317.037,8.46,60.402,3.938,1
7.809,128.799,23152.094,8.111,337.944,391.874,16.867,69.522,3.57,1
7.768,215.464,33091.357,7.302,358.37,340.145,18.871,86.11,4.567,1
7.079,217.804,23733.357,6.176,386.994,586.678,13.417,64.4,3.534,0
7.078,160.886,24852.592,5.593,,507.483,17.187,68.727,2.638,1
6.617,179.866,33839.211,6.385,376.986,462.833,9.614,76.912,4.074,1
6.861,221.598,22993.343,5.709,348.362,492.44,12.451,75.265,4.908,1
5.966,209.855,24645.713,8.102,348.246,292.308,13.976,91.804,4.531,0
6.28,218.807,18325.553,4.649,343.075,446.478,10.771,86.963,4.495,1
7.678,167.894,13477.447,5.383,,478.053,13.208,36.194,4.174,1
7.052,236.381,42745.371,8.162,288.227,440.789,17.868,93.397,,0
7.157,164.815,23699.249,5.53,289.117,519.199,16.953,17.456,3.216,1
6.975,214.407,,6.621,388.069,511.734,12.525,50.754,3.665,1
6.889,171.275,30869.899,,312.852,555.029,13.441,65.953,5.293,0
,,17930.14,7.852,352.643,526.188,18.299,33.708,3.994,1
5.182,166.952,15092.603,8.714,,537.741,14.43,84.756,4.063,0
7.128,154.811,27769.036,4.325,396.082,469.394,17.128,70.511,,0
8.249,,34811.614,6.636,334.668,536.251,9.483,64.234,4.576,0
7.642,237.739,16555.223,7.25,325.061,397.804,11.742,29.695,3.791,1
7.146,194.63,26148.414,8.842,178.089,441.814,14.873,96.868,2.815,1
6.92,218.982,14367.856,,390.388,533.418,12.083,64.626,5.041,0
6.417,218.191,13366.526,9.495,313.287,443.335,8.43,60.74,3.146,1
6.568,190.421,19847.094,8.077,288.339,431.153,14.331,49.254,2.911,0
6.65,222.566,31151.619,6.054,314.829,501.729,12.94,53.235,3.855,1
6.595,201.658,18820.791,7.383,315.011,528.499,5.144,76.768,3.723,1
5.849,156.937,24242.758,,359.595,517.377,15.567,61.098,3.598,0
7.687,172.109,11169.412,5.928,337.787,446.714,11.322,69.563,3.016,1
8.09,221.292,20797.267,8.109,322.612,350.835,13.215,77.251,4.346,0
7.082,241.516,22382.969,8.09,288.892,535.528,11.648,27.118,3.732,0
6.856,171.931,39827.015,7.735,,318.183,12.829,79.151,3.991,1
7.087,206.456,29347.003,7.02,347.858,520.684,12.727,84.767,2.598,1
6.68,116.39,17488.644,5.263,295.089,445.511,18.598,72.961,3.948,1
5.927,168.876,31284.289,7.709,338.966,466.761,11.989,73.659,4.36,1
7.31,159.239,26348.082,7.767,298.366,545.436,17.408,78.051,3.197,1
7.81,159.093,21384.714,5.73,368.305,540.69,12.315,62.928,3.536,0
7.385,198.414,30030.257,5.597,333.369,337.897,6.033,65.992,4.654,0
6.522,291.528,9541.178,6.123,,468.631,11.687,42.78,2.962,0
6.638,200.297,23929.56,7.045,415.911,367.729,18.729,70.637,4.539,1
8.405,165.744,37566.181,6.163,325.115,,18.844,86.248,2.953,0
7.79,214.306,22563.647,8.077,396.115,419.346,12.709,70.131,3.251,0
6.343,193.57,38633.345,7.977,339.64,293.429,17.492,48.6,4.473,0
6.651,158.271,10443.56,5.369,274.213,316.842,15.501,,3.729,1
5.715,225.639,24621.744,8.002,335.228,322.379,14.953,98.285,5.631,0
8.6,296.408,27107.132,7.875,346.482,335.984,17.311,47.101,3.925,0
6.029,223.327,15189.254,6.634,273.894,359.594,16.236,86.301,3.774,0
,209.075,19783.929,8.477,330.603,308.212,14.228,89.683,4.037,1
6.729,231.606,,9.758,319.868,370.778,7.326,77.039,5.597,1
6.435,193.012,30762.19,6.487,380.802,389.385,12.429,70.222,3.25,1
7.146,211.205,29190.845,6.168,249.422,462.665,12.485,52.128,3.933,1
7.333,147.285,30749.956,6.017,349.606,286.437,9.766,78.113,4.102,1
6.583,225.498,12718.602,6.21,389.664,522.523,16.14,59.324,,1
7.492,226.5,13608.295,6.925,301.296,286.419,17.291,92.81,4.733,0
7.487,223.47,30062.126,6.771,367.355,271.955,14.508,70.661,4.106,0
7.893,147.381,18578.853,6.382,416.386,318.406,14.118,51.633,4.176,1
6.469,156.654,22005.258,5.041,362.506,403.303,13.386,72.161,3.6,1
6.89,217.096,19169.242,6.345,285.655,553.362,12.504,76.481,2.754,1
5.228,183.904,27020.188,,339.37,460.073,21.479,57.444,3.071,1
7.785,211.996,19096.704,,343.226,,11.026,43.071,3.641,1
7.567,182.264,16689.403,6.875,395.563,253.484,9.814,44.268,3.099,1
7.148,,16484.626,5.102,330.992,425.821,14.202,,4.085,0
6.53,240.207,38916.456,9.819,307.561,447.913,12.474,37.549,4.775,0
5.679,176.592,27329.072,8.876,322.39,480.942,15.209,78.576,4.549,0
7.092,203.21,35369.386,5.374,,471.676,17.868,71.078,2.451,1
7.407,166.032,20290.811,6.978,309.935,598.508,17.614,61.543,3.543,1
7.026,237.468,26630.783,7.296,395.809,476.858,12.265,78.62,3.375,1
7.153,183.994,26032.878,7.332,348.107,386.044,14.637,77.323,4.118,1
,202.071,39244.39,9.465,315.907,453.101,18.291,52.232,2.329,1
7.051,258.046,25310.288,4.731,250.542,455.627,14.619,62.918,2.771,1
,180.268,15963.903,,279.595,441.36,16.352,60.608,3.846,1
7.906,,20935.901,9.469,372.756,,18.385,68.272,4.647,1
6.383,165.923,50000.0,,354.039,479.088,13.685,83.768,,1
5.471,157.939,14311.839,6.481,331.127,,17.048,71.878,3.119,1
8.025,144.771,14536.05,6.57,328.128,539.615,14.201,74.216,3.59,1
6.822,213.481,33419.84,5.143,295.596,296.466,10.145,56.221,3.942,1
7.164,231.087,36220.164,5.747,297.338,392.032,20.899,54.552,4.223,0
6.989,164.567,35998.224,7.201,315.205,402.036,14.086,73.304,4.255,1
7.148,206.722,19640.988,4.813,374.771,260.811,20.714,50.616,3.459,0
7.254,177.143,18967.492,7.274,317.19,,18.652,83.079,3.051,1
6.754,265.47,24373.412,7.044,315.31,356.846,11.091,67.156,3.153,1
7.787,186.335,25343.365,4.991,370.458,452.483,18.566,50.935,3.491,1
6.965,213.86,24113.355,7.044,289.909,312.41,13.622,44.178,3.399,1
7.546,222.251,19527.679,5.329,341.123,430.19,9.471,67.53,4.48,1
7.245,235.546,12496.918,6.504,351.444,429.004,11.247,52.674,3.361,1
7.874,215.304,36089.718,6.394,366.294,587.774,14.295,55.409,3.805,0
8.348,216.02,43508.764,5.894,,539.102,11.566,44.669,3.821,0
7.174,161.107,19418.124,,351.359,375.258,13.403,63.235,4.482,1
7.26,190.343,16853.664,7.873,299.675,468.945,10.654,88.872,4.164,1
8.252,187.435,27711.58,10.598,351.31,360.825,19.789,97.822,2.538,0
,135.781,25615.867,7.399,298.315,536.656,18.748,56.022,3.506,1
5.754,211.432,19204.745,10.884,345.411,402.396,15.043,74.172,5.326,0
7.254,195.613,,7.743,371.008,414.225,18.044,45.136,4.034,1
5.944,184.487,25246.813,6.026,255.898,545.334,14.63,90.193,2.948,1
6.461,180.009,18226.315,6.591,379.731,486.255,18.05,24.747,4.022,1
7.404,209.428,14541.008,7.839,259.212,442.316,11.974,85.459,4.285,1
6.189,160.433,13369.837,5.628,302.579,292.79,13.942,52.426,4.045,0
6.684,132.957,19655.017,5.213,302.045,336.518,16.853,,3.508,1
8.032,254.642,17971.195,7.301,321.649,416.318,14.736,53.485,,0
7.788,182.784,14677.224,7.161,325.523,306.632,13.692,81.027,4.439,0
6.613,205.722,21281.837,7.147,333.075,325.678,12.417,60.333,4.252,1
6.821,245.07,17075.52,6.051,259.766,328.048,12.132,73.135,4.782,1
,215.415,15236.03,6.917,362.719,371.201,14.02,51.272,4.238,1
6.093,246.5,30543.735,6.535,366.834,454.996,19.702,73.664,3.462,0
6.232,218.794,21423.478,8.074,359.164,461.816,15.468,76.008,3.524,1
6.256,151.034,,7.714,360.642,318.257,16.676,57.946,3.727,1
7.322,,21573.599,6.777,,388.971,12.542,49.713,2.709,1
6.974,238.894,23240.24,7.17,317.223,,14.431,65.964,4.223,1
5.619,166.64,29722.287,8.294,352.373,398.545,15.37,88.545,5.508,1
6.738,193.634,16371.288,6.277,351.654,361.982,17.111,92.922,3.19,1
5.992,176.408,21928.594,6.308,340.412,303.62,12.066,54.407,4.437,1
7.564,190.876,13779.591,6.131,272.783,584.696,12.332,57.191,4.303,1
7.01,223.171,22139.168,7.128,295.181,554.645,16.254,75.339,3.253,1
9.395,175.913,15342.217,6.035,413.287,390.336,19.236,28.265,3.785,1
5.759,213.104,39066.196,5.874,350.142,487.232,11.44,69.326,3.8,0
6.42,179.229,20815.307,5.237,358.097,300.449,11.95,86.142,3.968,1
6.67,183.467,28037.474,9.009,379.901,517.719,14.244,101.792,4.907,0
7.044,218.257,21761.04,5.253,278.921,441.09,13.934,61.962,4.302,1
6.623,224.706,12960.202,7.843,353.664,459.7,15.68,,4.941,1
8.724,222.023,31070.979,5.425,283.556,457.336,13.751,83.409,3.021,1
7.214,197.758,29086.896,9.441,296.545,478.278,13.952,65.22,5.657,1
6.655,182.064,21437.719,6.813,456.287,506.513,15.997,93.653,3.407,0
7.565,182.832,13499.268,7.962,344.078,457.591,17.988,38.683,3.877,1
5.469,210.823,26237.264,7.018,397.776,478.827,14.935,49.872,4.488,1
6.612,,21957.227,8.509,382.414,420.767,11.799,70.328,3.376,1
7.729,205.415,15288.642,7.516,296.856,377.12,14.879,49.004,4.457,1
8.609,220.583,18017.046,6.042,,517.959,14.216,54.488,4.28,1
6.824,176.075,14756.586,4.885,313.937,505.089,8.7,53.044,4.164,1
6.824,244.682,18343.104,4.861,374.876,444.883,13.422,39.259,4.596,1
6.515,207.189,18079.454,10.589,394.135,504.016,,68.55,3.462,1
7.333,192.829,20172.678,7.663,369.869,599.242,13.145,69.924,3.472,0
6.232,204.12,19024.31,8.538,259.32,477.752,11.268,55.387,2.367,1
7.41,163.156,18392.173,4.642,343.794,267.854,16.067,79.231,3.731,1
6.38,168.901,27176.949,10.1,276.317,411.035,10.715,84.509,3.898,1
6.933,188.685,34715.621,8.626,354.678,464.977,13.462,77.203,3.67,1
,133.196,15829.936,7.659,358.971,532.846,12.682,79.875,3.264,1
6.679,252.175,30633.581,5.499,381.994,348.227,15.668,50.377,4.271,0
6.251,211.42,17927.302,3.987,246.922,386.751,8.351,60.939,4.591,1
7.916,176.235,23520.285,5.667,299.944,338.44,14.555,68.71,2.801,1
6.984,226.321,25377.449,7.394,365.299,489.885,12.246,57.66,3.398,1
6.295,191.032,26026.978,7.206,422.082,401.856,13.52,55.93,2.937,1
7.61,219.203,47723.709,7.459,365.631,459.881,,81.458,4.584,0
7.223,188.805,43308.389,6.027,309.267,391.416,10.95,72.742,4.807,1
,223.045,29692.317,6.884,330.358,406.028,17.21,43.599,4.575,0
7.671,179.16,27672.352,6.842,330.013,339.439,13.889,73.118,4.547,1
7.622,153.43,42117.722,7.636,369.708,413.739,18.349,75.709,5.065,0
7.243,215.692,26258.735,7.505,267.144,449.611,16.51,79.088,2.95,1
6.947,198.479,16303.552,6.941,317.15,304.112,18.189,85.779,,1
7.014,198.219,12844.141,7.613,332.163,398.198,18.869,62.596,3.309,1
6.424,290.371,19512.101,7.957,299.788,227.003,15.046,55.587,,1
7.274,181.404,42027.291,5.977,405.369,472.707,6.767,68.612,4.407,0
8.038,190.911,17900.94,6.052,213.299,524.586,18.297,79.081,3.287,1
,203.807,19241.25,6.562,356.019,424.47,15.676,70.847,3.787,1
6.489,161.132,32648.882,7.853,360.839,537.317,13.964,77.001,5.293,1
6.17,161.066,24959.867,6.202,290.248,410.441,16.815,77.999,,1
7.928,198.837,20645.892,6.302,403.439,,13.152,73.868,3.861,1
6.962,125.22,27058.865,8.909,,403.928,16.338,81.091,4.326,0
7.073,218.666,28418.079,8.179,369.658,452.174,13.116,47.214,4.291,1
5.941,223.882,43583.697,9.373,393.008,435.874,9.154,49.519,3.321,0
6.083,200.588,29749.749,6.255,352.499,497.744,14.279,,3.158,1
6.084,191.756,33372.575,5.397,323.614,444.709,15.578,72.703,4.147,1
7.022,160.417,26143.163,7.326,393.772,271.922,10.849,90.915,4.345,1
6.608,214.26,15687.375,11.198,361.142,475.445,18.615,48.077,5.182,0
7.817,184.086,35413.143,7.215,247.008,526.156,19.015,,3.281,0
,196.017,18805.772,8.449,273.902,362.956,14.792,53.853,4.231,1
7.805,197.857,24357.905,10.224,299.079,224.272,15.249,64.356,3.649,0
6.712,155.987,16109.855,7.206,360.815,347.87,15.499,73.246,4.143,1
6.356,163.371,21522.924,6.602,313.763,427.129,8.489,78.28,4.473,1
7.862,179.009,26585.353,7.548,335.27,377.006,15.313,77.569,3.861,0
,129.215,26992.321,,377.518,463.601,14.319,68.646,3.674,0
6.749,190.619,27180.091,8.768,313.686,389.277,14.9,88.158,2.558,1
6.434,201.883,26616.187,7.189,342.839,391.387,14.765,72.314,3.688,1
7.42,203.661,,,238.685,459.35,9.479,57.317,,0
7.661,211.943,19142.237,6.782,317.924,413.963,11.36,71.294,3.744,1
7.22,241.15,33257.05,5.707,336.866,516.308,17.432,47.935,3.146,1
7.997,250.399,28423.802,5.702,353.277,362.205,13.346,61.03,3.716,1
7.892,209.443,26868.517,7.605,352.761,,15.62,48.356,3.697,0
7.613,143.044,15826.48,8.945,363.019,343.892,,63.128,2.41,1
6.617,216.814,14958.026,8.165,385.224,554.086,9.055,61.126,5.326,1
7.535,139.16,13401.451,6.62,358.584,459.786,14.414,94.553,3.213,1
6.736,259.246,21304.041,8.761,333.499,476.15,13.872,98.905,5.272,0
7.224,186.783,21070.459,6.549,306.071,385.702,7.828,86.462,3.792,1
7.236,214.774,13689.592,10.159,,433.41,15.501,57.998,3.167,1
6.575,256.838,15177.752,6.926,310.169,416.947,15.703,96.004,3.545,1
6.768,210.933,34211.922,6.615,360.077,408.654,15.418,62.123,3.24,1
6.725,165.129,44961.417,7.762,314.692,401.652,13.904,74.415,2.972,1
7.283,135.95,15076.462,6.258,349.547,300.643,13.689,74.742,3.434,1
7.589,228.979,17860.744,5.462,347.042,413.059,10.204,68.071,2.948,1
6.621,218.595,20243.896,6.378,308.106,466.349,16.449,88.082,4.596,1
6.665,140.047,27901.317,7.187,302.384,440.5,12.601,46.114,3.978,0
7.526,251.643,12589.686,7.229,364.273,573.843,17.0,85.026,4.79,1
6.815,152.252,10685.112,7.725,374.763,485.804,12.39,53.693,3.465,0
,246.875,14084.307,6.186,309.618,487.235,10.502,62.401,3.265,1
7.085,206.817,15835.121,7.042,343.167,394.582,15.767,,3.34,1
6.42,210.803,47251.118,6.963,302.948,544.359,11.837,72.679,2.931,1
7.469,225.413,20527.475,8.396,276.303,580.103,17.762,98.499,3.389,1
6.58,195.401,23700.624,7.413,378.092,347.438,10.818,55.656,,0
6.222,210.923,30989.666,,,436.834,9.331,75.403,3.034,1
7.286,193.145,17171.888,8.552,309.53,361.479,14.027,56.652,4.068,1
7.043,200.595,27833.019,6.643,379.485,511.718,21.524,58.088,3.75,1
7.625,211.104,31997.899,7.291,413.581,444.576,10.854,77.934,2.929,1
6.267,144.86,20400.902,5.622,381.497,504.492,9.656,,3.73,1
7.26,197.392,27225.644,7.47,362.957,549.404,12.57,84.254,4.502,1
7.432,143.418,21657.025,5.314,378.579,483.568,14.696,59.185,4.86,0
7.355,218.663,22397.777,,291.269,386.403,15.897,71.39,4.201,1
6.239,190.382,,6.879,368.683,311.868,13.19,82.398,4.751,1
,213.114,,5.849,263.481,400.632,13.768,64.971,3.032,1
6.24,187.715,11742.093,10.452,394.415,450.508,10.887,87.698,3.111,1
,186.509,19457.744,7.231,394.65,417.318,11.645,55.108,4.253,1
7.192,159.256,39590.08,5.641,341.5,507.757,,46.906,,1
7.433,188.095,16627.589,8.066,293.81,360.374,11.674,84.822,4.037,1
,193.709,13635.027,8.983,294.55,496.485,18.334,76.718,4.87,1
7.557,202.54,14510.975,7.806,329.527,518.188,13.504,76.194,2.148,1
7.318,194.742,45847.525,8.248,277.008,368.147,12.172,37.875,4.458,1
7.201,137.825,25166.486,5.217,350.421,,16.029,44.692,4.457,1
7.336,,12575.962,7.436,316.851,310.359,17.738,64.186,4.117,1
7.464,216.688,22647.146,7.098,306.389,363.254,17.132,39.819,3.004,0
6.072,127.658,17629.58,8.301,334.026,445.752,15.997,73.222,5.06,1
7.511,230.335,24535.498,5.959,366.96,479.681,13.495,41.59,5.094,0
7.224,157.531,,7.83,380.72,387.23,13.174,90.934,3.289,1
7.817,213.949,34821.561,8.461,440.541,542.386,13.731,78.668,2.884,0
6.137,201.747,36556.796,8.6,406.273,416.626,10.106,97.247,3.34,0
6.66,227.21,50000.0,8.668,420.248,430.689,16.941,73.102,3.503,0
5.965,178.588,14596.192,6.22,388.014,465.731,10.679,61.021,5.156,0
,195.923,16349.863,7.617,346.96,368.815,19.487,66.688,2.898,1
7.51,233.54,24324.328,8.247,306.504,418.32,13.826,81.753,3.36,1
5.53,231.427,31515.757,8.093,407.925,476.025,13.269,70.797,4.095,1
5.945,188.659,15330.712,7.387,450.273,427.143,13.958,41.408,3.135,0
7.663,177.045,29312.566,7.352,354.835,423.205,12.91,72.752,4.683,1
6.568,201.547,11745.324,6.104,330.595,482.52,8.552,66.009,3.393,1
7.136,204.047,10584.984,5.323,,504.121,14.245,86.905,4.236,1
6.821,235.36,10531.599,6.127,277.407,386.383,17.579,85.618,3.749,1
6.719,163.06,8144.68,8.463,349.676,420.328,12.075,44.76,3.742,1
5.182,202.063,24162.159,7.443,337.828,407.234,8.632,67.479,3.962,0
6.029,203.362,10615.423,9.03,,413.566,14.733,55.638,4.671,0
6.896,243.838,16985.88,7.513,,303.27,13.477,84.365,4.051,1
,127.822,29026.036,7.174,347.072,447.544,6.012,30.325,4.148,1
7.736,166.417,20411.914,5.406,417.102,599.744,8.461,47.912,3.929,1
6.7,156.402,15230.87,7.714,380.09,359.746,5.474,49.945,5.053,1
6.499,259.593,13512.093,6.951,401.836,527.942,24.333,50.036,3.34,1
6.251,219.087,18024.556,8.09,400.867,503.435,15.866,72.052,5.727,1
7.704,151.807,25203.275,6.729,307.69,420.89,12.553,67.88,4.134,1
6.269,205.188,24632.914,,334.35,341.574,,62.896,4.193,1
7.257,180.656,15644.193,6.206,291.116,393.511,10.263,60.816,4.998,1
6.263,202.211,26215.046,9.315,308.553,431.783,16.781,63.022,3.735,0
8.057,155.792,20182.346,7.602,313.48,289.262,12.598,70.321,3.689,0
6.563,154.619,7236.923,5.562,370.181,416.785,13.826,56.406,3.326,1
7.168,145.249,33232.287,4.9,308.484,424.92,14.146,,3.839,1
8.183,153.784,16124.23,7.244,302.287,388.981,17.278,28.625,3.242,1
6.49,210.142,20633.991,5.317,435.531,529.075,11.691,,3.236,1
6.398,182.627,19305.665,6.248,361.413,288.486,16.802,62.887,3.985,1
6.377,190.227,20865.305,6.849,335.731,463.064,16.911,74.932,3.839,1
7.723,225.292,24314.518,8.114,323.721,404.579,,95.028,4.604,0
7.248,193.946,19963.427,7.792,272.355,458.548,11.844,82.72,4.347,0
8.146,220.311,15533.399,6.706,292.537,451.86,19.952,81.057,2.347,1
6.398,176.423,19034.954,6.739,391.768,329.291,16.459,76.33,3.927,1
6.655,202.366,30014.147,7.409,329.531,329.141,17.795,55.82,3.709,1
6.997,149.063,,6.584,374.925,,17.532,57.097,3.063,1
7.094,211.426,22010.21,5.348,298.365,393.704,12.851,47.296,4.316,1
7.459,178.849,19096.467,7.953,294.268,382.006,10.783,64.879,4.526,1
7.26,201.397,21632.817,7.534,297.263,351.81,20.55,75.972,4.578,1
7.035,215.705,13132.581,8.396,260.927,430.197,12.575,60.738,3.502,0
7.891,167.07,17478.334,6.799,336.67,388.724,17.542,81.87,,1
7.385,226.875,50000.0,6.5,271.071,458.831,,75.19,5.037,1
6.285,198.547,34111.649,6.184,348.845,352.993,5.3,103.329,3.662,0
7.479,168.85,22843.074,7.036,337.939,521.614,18.175,87.956,4.029,1
7.947,181.309,22727.717,5.387,345.481,380.452,15.382,68.671,4.638,0
6.648,195.226,17871.521,6.484,383.026,230.744,15.552,93.906,4.241,1
8.302,146.862,24499.034,5.853,399.187,438.572,15.361,81.925,4.096,0
6.721,135.739,50000.0,6.852,395.39,336.46,10.645,79.833,4.868,1
7.579,167.846,21130.426,8.971,367.021,427.848,15.885,76.337,3.589,1
6.261,213.508,15539.216,7.634,346.009,432.503,11.176,,4.576,1
7.774,115.031,20316.346,5.42,378.492,481.496,10.024,52.798,2.787,1
6.892,134.95,15206.984,6.495,374.07,628.43,16.147,77.23,3.477,1
6.875,188.492,17896.052,5.849,349.647,545.497,14.944,78.724,2.712,1
7.315,222.943,21891.705,8.496,328.229,382.225,18.799,79.703,3.621,1
8.895,208.468,42314.453,8.629,306.114,364.923,11.129,88.509,4.15,1
6.863,219.076,16981.467,6.785,,466.09,13.571,,2.66,1
8.009,209.389,34562.456,3.134,397.646,547.961,14.936,28.305,2.901,0
7.174,216.333,29513.755,6.834,293.84,417.052,14.5,44.067,4.182,0
7.181,219.669,10734.011,6.659,378.549,426.144,11.759,76.11,4.099,1
4.569,147.905,13717.752,8.023,291.08,502.875,19.922,53.005,3.917,1
7.397,165.539,39405.903,5.804,330.654,275.361,15.077,68.661,5.139,0
7.188,175.2,29267.211,5.521,411.585,444.538,14.901,49.755,4.23,1
5.864,243.676,19141.42,8.53,301.82,318.028,11.314,43.691,3.158,1
6.748,211.928,26699.495,6.16,432.51,333.543,12.611,60.72,2.529,0
5.933,237.013,18286.05,6.423,292.479,,14.014,,4.405,0
8.543,189.099,17050.547,8.625,252.938,481.08,14.739,89.916,3.661,1
7.065,190.201,35828.782,5.703,,460.685,15.396,64.571,4.056,1
8.174,215.831,10841.842,8.732,299.305,458.567,16.106,60.263,3.622,1
8.265,203.888,,3.556,346.207,265.861,12.511,66.279,4.994,1
6.123,158.303,,8.657,333.268,422.681,12.588,40.894,3.872,0
7.211,202.937,24815.323,8.616,306.003,362.144,19.232,49.573,2.894,1
6.072,164.41,26172.577,8.463,308.719,472.77,12.312,82.447,4.378,1
,252.358,30009.691,6.337,322.777,371.72,20.515,65.761,3.742,1
7.004,185.886,36275.502,5.433,361.356,440.997,13.245,74.041,2.122,1
6.938,218.333,18968.561,,254.334,338.145,12.416,55.835,,1
7.327,258.119,31030.84,8.448,290.829,343.232,18.682,79.214,3.18,1
6.892,147.428,27070.403,7.604,338.311,429.784,20.646,70.717,3.318,1
5.971,130.402,28333.132,7.095,295.98,386.268,12.274,54.035,4.318,0
7.16,199.259,29219.082,7.216,246.002,467.312,18.202,35.082,4.998,1
6.831,182.834,20525.622,5.951,325.304,462.376,16.472,74.388,4.861,0
7.355,204.33,21217.823,8.258,320.365,366.614,18.024,70.468,3.679,1
5.92,187.076,18737.351,8.69,317.808,504.341,11.076,66.168,3.912,1
6.861,251.19,17855.266,8.401,321.465,489.88,14.056,44.803,3.709,1
5.666,174.318,17954.047,8.433,305.237,532.292,20.091,62.075,4.346,1
7.138,127.142,12577.163,6.971,283.581,377.973,14.872,56.978,4.369,1
5.986,147.005,,9.744,366.105,555.038,12.834,50.549,4.323,1
7.319,174.949,30151.33,5.54,320.821,452.469,18.124,60.35,4.797,0
7.115,,15088.922,7.507,328.936,500.241,14.639,54.966,3.203,1
7.783,111.656,22065.981,6.887,274.232,532.384,10.115,89.478,4.545,1
6.711,167.017,15788.471,8.075,,446.176,9.194,57.64,2.255,0
7.637,189.685,25823.229,5.973,309.689,431.466,12.602,66.255,3.964,1
7.226,162.395,21065.465,9.165,292.474,368.572,17.45,73.672,2.899,1
5.804,202.314,10268.384,5.449,271.659,389.586,19.05,78.214,3.384,1
,171.937,18764.199,7.851,273.194,347.229,9.72,,4.563,1
,124.377,15687.867,5.104,312.601,386.847,13.962,52.687,3.405,1
7.812,240.662,14909.362,7.119,303.283,468.198,19.257,54.518,3.445,0
6.843,210.176,36255.799,4.261,371.903,377.94,15.861,74.145,4.403,1
7.176,152.766,18408.597,5.166,316.058,559.135,16.029,62.339,4.975,1
6.644,180.893,49270.032,5.954,314.955,472.538,14.564,72.346,3.339,1
7.551,,19768.282,6.122,357.571,491.806,14.523,78.674,4.261,1
5.828,146.032,,4.905,338.832,559.942,17.158,87.938,3.218,0
6.243,203.406,20472.299,8.174,290.002,340.347,15.305,58.241,4.302,1
6.008,235.901,14484.457,6.566,394.539,409.945,,62.952,3.211,1
8.542,214.555,27577.443,5.843,323.245,452.825,24.063,,3.367,1
6.431,223.98,29705.952,7.228,366.629,401.168,14.24,69.651,3.208,1
8.157,201.058,16590.173,6.672,356.411,590.327,12.309,44.861,3.82,0
8.065,215.419,23958.484,5.825,333.498,392.924,14.111,59.043,4.646,1
7.061,182.036,22401.408,7.352,389.252,404.726,13.413,58.132,4.911,0
,217.31,18159.11,7.023,391.608,409.792,16.615,28.096,5.113,1
6.896,247.692,38388.049,7.019,352.59,471.492,20.157,84.253,4.053,1
7.045,149.358,22145.385,8.281,296.713,301.877,14.303,85.804,2.828,0
7.693,178.455,30489.875,6.734,386.877,362.954,18.725,36.137,4.159,0
7.689,161.59,19845.612,9.615,369.285,283.921,11.555,104.154,4.827,1
,209.112,22994.066,8.466,333.325,403.217,16.615,51.563,4.714,1
5.856,210.589,11269.292,7.788,196.856,374.654,15.07,75.421,3.967,1
7.996,160.25,13026.715,6.447,312.816,552.992,17.083,49.179,4.401,0
6.812,133.054,,8.994,304.483,401.832,16.677,71.036,2.762,1
8.87,235.139,14352.587,6.841,412.35,474.555,12.825,40.224,5.318,0
5.804,224.813,35584.583,6.707,424.801,500.772,14.265,108.005,3.142,0
6.975,219.706,16138.463,7.049,337.171,356.649,15.38,84.849,4.88,1
7.892,178.415,16366.533,7.728,341.027,531.816,16.183,47.274,4.278,1
8.254,227.534,38990.409,7.218,373.985,385.208,8.886,,,0
6.271,155.381,25437.208,5.302,311.119,441.857,10.575,57.251,3.508,1
6.592,212.021,27459.353,,369.291,449.618,16.038,52.485,3.865,1
7.685,194.751,15355.154,8.718,474.85,444.155,14.238,78.285,3.69,1
7.314,223.813,34818.023,8.374,333.372,440.574,10.51,70.221,4.069,1
7.739,202.276,26827.1,5.345,325.807,320.736,15.721,41.88,2.652,1
6.767,221.613,24541.727,6.382,393.634,291.018,21.918,43.542,2.783,0
6.827,220.926,10678.831,8.103,307.815,437.905,9.285,68.38,4.715,1
,214.316,24257.402,6.233,369.919,331.353,10.712,72.892,4.082,1
6.672,102.976,,7.007,386.082,391.52,,52.157,3.73,1
8.272,207.001,23647.776,7.29,357.11,590.361,11.376,50.722,3.6,0
8.618,168.583,38416.112,5.96,245.961,,14.753,47.813,4.025,1
,251.916,32287.073,5.083,336.356,423.695,15.342,29.122,3.976,0
7.63,170.888,23222.351,7.529,370.514,409.02,14.82,40.764,3.932,1
6.906,229.662,22677.804,6.249,257.011,413.628,14.177,73.828,5.339,1
6.881,295.517,26839.604,7.216,352.935,553.076,16.539,78.291,4.592,0
7.021,202.394,22353.654,5.122,402.422,457.074,14.536,83.202,4.109,0
6.215,248.219,23093.894,6.779,328.655,401.861,15.314,71.242,4.309,0
6.758,200.492,18244.755,9.201,232.365,409.004,13.034,73.726,3.914,0
7.175,219.84,21937.617,,250.172,276.141,12.629,45.659,3.744,1
7.988,,19599.634,,386.932,534.881,,62.973,2.915,0
7.921,202.871,20398.396,5.585,380.081,374.17,17.732,56.004,,0
8.546,182.689,27966.262,6.115,361.658,463.811,17.114,66.457,4.025,1
8.284,218.868,33299.164,4.381,374.819,459.481,18.791,57.868,4.37,0
6.568,210.375,15541.896,,306.573,376.943,15.776,92.849,2.987,1
6.517,229.964,25214.117,6.618,335.763,,9.36,63.194,3.384,1
7.387,196.4,23250.659,9.104,344.29,478.552,10.967,52.734,3.897,1
7.79,217.867,39035.378,3.691,352.365,382.682,13.447,65.919,3.534,0
6.795,178.134,18654.738,6.417,260.012,453.34,16.537,58.061,5.014,0
8.556,206.117,27059.745,6.505,301.006,523.744,18.533,65.173,4.988,1
6.634,228.24,39457.21,,252.471,457.421,15.208,76.073,4.359,1
6.153,234.782,20087.795,7.064,252.814,528.262,14.804,87.368,4.335,1
7.578,191.918,12515.825,7.673,297.961,414.372,15.083,60.684,4.17,1
8.436,157.498,24339.42,5.957,304.445,255.853,15.227,88.905,4.389,1
6.917,183.441,36442.046,6.237,,418.215,,47.613,4.835,1
5.822,173.027,18141.44,10.309,,375.797,13.392,60.425,4.231,1
6.428,196.613,13523.985,6.823,308.161,404.926,14.313,57.172,3.393,1
6.722,214.012,29590.436,5.229,346.312,495.504,14.758,,4.81,1
7.627,181.533,10200.102,8.185,343.295,364.751,15.366,45.245,5.511,0
5.805,167.626,15286.57,5.274,382.168,399.138,14.778,37.688,4.41,0
6.541,,33892.902,6.988,407.126,400.119,17.372,65.227,4.919,1
7.596,229.879,31911.693,7.477,325.054,435.9,10.356,,4.277,1
7.231,,21814.196,7.57,350.586,525.603,13.472,83.43,5.226,1
6.433,185.833,20494.55,5.165,382.857,479.527,8.524,74.105,4.4,0
5.902,199.943,17744.925,6.912,285.45,365.967,13.379,43.247,4.051,0
7.392,191.696,18303.122,8.244,,455.328,12.484,75.129,3.393,1
6.755,196.457,16999.313,9.401,409.43,345.653,12.205,69.101,4.421,1
7.127,188.654,22528.607,8.526,331.268,589.211,12.031,78.651,5.714,0
6.531,204.688,32782.24,7.823,314.058,461.846,10.46,57.52,4.01,1
8.347,227.226,14834.026,8.041,344.1,284.555,12.599,78.144,3.703,1
7.169,199.501,29818.018,5.182,400.204,,10.532,42.28,4.541,1
7.38,167.349,19481.916,7.808,390.302,359.13,13.573,60.133,4.284,1
7.168,245.036,17786.276,8.536,397.795,409.415,12.541,59.15,3.704,1
7.386,170.212,24838.403,5.597,331.266,458.909,19.066,79.457,3.21,1
6.01,177.352,19323.819,6.367,320.024,,12.933,83.797,3.591,1
6.189,197.214,27320.919,5.921,384.612,521.294,12.517,84.723,2.695,0
6.867,186.129,,6.609,373.843,321.003,12.571,59.739,5.299,1
8.015,226.893,23332.877,6.565,369.342,330.996,14.738,67.78,3.342,1
6.974,144.59,37963.253,7.928,307.095,587.084,16.992,59.512,3.764,0
,257.165,18490.486,4.59,254.028,384.329,12.429,63.094,3.869,1
6.847,217.936,,9.083,,201.847,11.259,99.884,5.584,0
7.46,230.911,31158.872,9.246,325.774,423.499,13.306,81.046,3.256,1
6.805,209.491,43131.28,5.809,343.156,504.4,11.703,62.842,3.643,0
6.516,239.374,19222.03,,370.061,425.184,15.302,48.269,4.757,1
7.21,210.786,32522.569,8.311,352.162,421.901,13.542,59.385,4.212,1
7.482,205.962,17646.434,7.781,330.338,454.953,16.573,68.105,2.988,1
6.862,202.633,17191.026,4.623,294.712,481.779,19.003,70.948,2.231,1
7.367,184.183,29130.549,7.182,415.838,410.533,8.265,54.867,3.192,0
7.004,250.242,28062.476,6.275,329.281,337.618,10.62,79.913,4.98,1
6.674,242.504,21539.773,8.776,311.323,453.378,11.712,65.057,2.434,1
6.199,181.594,,8.018,296.146,551.482,15.66,73.711,3.284,0
5.951,262.865,20875.228,6.174,364.393,358.202,10.019,85.69,4.541,0
7.358,115.054,11119.45,8.144,358.506,435.158,10.181,72.396,2.253,1
6.981,180.47,16172.196,6.021,363.652,448.419,12.408,69.043,4.842,1
6.951,175.668,21233.799,4.767,311.805,582.245,11.121,42.797,3.727,0
7.466,193.85,14993.408,7.814,320.15,391.677,14.806,77.21,5.126,1
7.268,220.949,,5.421,280.732,427.46,,44.964,4.44,1
6.31,212.279,19792.028,6.359,270.187,511.134,16.12,64.258,5.918,0
7.297,258.803,15698.614,7.907,358.177,564.723,19.014,56.612,5.499,0
7.554,223.117,16533.133,6.507,339.187,236.812,15.277,89.592,4.669,1
6.637,163.466,33430.233,8.308,296.14,325.275,11.965,66.793,2.927,1
6.452,207.829,16442.316,7.693,351.159,410.155,13.755,78.651,5.764,1
5.6,157.703,20936.801,9.257,314.241,337.244,13.929,82.71,3.411,1
8.642,168.252,17695.852,8.126,383.644,496.787,18.017,33.679,3.63,0
7.211,205.138,25497.581,5.908,277.751,414.981,14.616,50.859,5.754,1
7.884,205.615,23808.889,8.758,291.869,332.827,12.604,57.62,5.731,0
7.369,204.492,20806.505,6.363,305.621,386.215,10.449,63.602,3.425,1
7.359,234.16,19467.35,9.573,385.488,397.407,17.845,72.479,4.56,1
6.83,135.84,23160.999,3.356,311.721,399.159,14.714,90.562,4.283,1
5.958,186.405,27695.213,6.672,290.974,461.341,16.921,67.158,4.29,1
7.773,215.927,23816.579,8.588,323.434,459.264,17.382,55.862,4.62,1
8.505,192.908,22590.64,7.304,359.553,474.432,9.489,115.545,3.543,0
6.959,210.064,28614.891,8.071,383.848,224.332,11.649,57.101,4.276,0
6.521,250.531,10294.969,7.285,399.904,521.242,13.719,42.727,4.085,1
6.3,215.527,24927.782,7.066,291.356,527.569,15.913,82.319,3.79,1
5.748,152.378,24603.189,8.433,278.78,460.317,13.892,74.693,2.785,1
7.609,161.83,17371.233,5.603,347.537,383.36,7.892,55.359,4.008,1
5.706,202.437,14693.072,7.854,315.636,444.457,12.187,54.869,3.461,1
7.135,203.057,13535.129,6.598,453.339,415.94,,59.108,3.039,1
6.728,206.955,17411.339,7.288,292.846,588.145,11.303,71.101,4.024,0
7.058,163.517,15677.498,8.12,334.807,436.608,18.822,73.704,2.165,1
6.394,174.94,,4.45,293.655,590.1,14.852,75.41,3.714,1
6.945,191.702,14258.796,8.724,264.653,468.159,16.974,38.637,3.084,1
6.928,191.793,23859.613,7.74,288.898,471.639,15.738,71.617,,1
6.42,195.538,10222.282,9.996,296.896,376.546,14.347,70.82,3.232,1
7.156,223.813,24762.43,8.645,319.893,451.026,12.414,53.865,3.248,1
5.833,189.457,34138.771,8.134,362.141,405.911,13.851,33.45,3.049,0
6.988,135.842,13603.831,8.614,287.399,,14.094,74.086,4.244,1
6.759,144.558,33827.282,4.815,346.545,310.544,,82.281,3.4,1
6.957,148.111,17628.808,,337.092,536.048,13.835,87.589,3.582,1
6.48,189.763,,6.181,420.826,610.476,13.749,75.767,3.914,0
6.511,215.599,24236.329,7.197,302.475,340.605,16.679,61.11,3.859,1
7.106,190.019,40254.498,5.433,317.038,289.909,10.274,52.747,4.042,0
7.699,238.517,14524.323,8.592,397.19,374.865,11.453,87.534,4.301,1
6.405,218.892,12565.407,6.862,221.623,456.466,12.147,54.954,4.26,1
7.143,227.899,32053.701,7.215,266.934,391.281,16.264,73.824,3.754,1
5.886,196.812,26023.03,7.358,300.425,418.388,13.041,48.861,3.759,0
,,28450.496,,342.748,337.014,15.358,44.73,3.727,1
6.789,213.674,23528.364,7.771,355.807,539.916,17.172,56.054,4.54,0
7.421,237.93,36757.113,,351.893,524.437,16.72,63.84,4.291,0
7.59,176.402,21535.249,7.406,260.518,400.087,15.121,72.536,4.743,1
6.392,216.437,18460.079,4.628,377.428,410.561,16.909,93.321,3.872,1
6.416,178.506,22888.661,7.075,332.56,523.316,18.937,70.713,3.533,0
6.55,176.235,23418.101,7.147,383.033,507.25,12.222,58.701,4.724,1
6.472,242.352,21211.054,9.511,334.851,471.876,17.116,75.663,4.93,1
7.584,220.833,10264.265,7.575,330.025,423.619,16.078,66.609,4.35,0
7.247,207.194,26336.725,5.031,368.841,351.907,17.09,52.51,3.521,1
6.694,182.975,23748.737,8.735,360.253,396.693,10.642,62.551,4.327,1
8.624,194.189,28323.977,5.026,249.805,492.959,11.633,71.596,3.9,1
6.57,206.684,22250.955,8.436,346.996,362.343,16.646,42.683,4.431,1
7.327,215.906,18172.834,7.253,382.494,416.427,17.221,53.685,4.754,1
7.417,,34445.257,6.22,254.255,,9.181,51.244,4.036,1
7.52,233.976,10217.517,7.016,365.823,495.424,11.286,75.068,4.384,1
7.831,188.272,18500.625,7.395,276.699,418.458,10.224,56.169,3.169,1
6.297,142.13,12708.762,11.21,285.722,368.364,15.747,78.382,4.054,1
7.617,256.796,46937.272,6.72,,422.985,17.164,75.744,4.023,1
5.822,170.919,20967.71,6.701,317.576,425.87,14.845,70.691,3.462,1
7.036,184.562,19358.186,,338.865,401.946,,68.035,3.826,1
8.277,191.539,11120.19,7.153,313.467,435.145,17.823,68.966,3.809,1
6.334,184.185,21522.859,8.755,310.176,325.892,13.27,65.778,3.657,1
5.722,190.791,25882.625,6.711,329.877,476.808,11.218,48.543,3.872,1
7.345,179.061,16680.391,7.355,310.786,509.737,13.954,42.726,4.648,1
,188.126,14074.095,6.427,321.845,506.584,10.751,57.792,4.201,1
6.27,185.038,21703.693,6.379,352.591,388.997,12.051,66.112,2.086,1
7.11,197.224,28094.773,8.217,340.129,474.886,,33.183,4.968,1
7.901,165.474,13405.954,7.648,329.51,436.146,11.633,82.433,5.952,0
6.336,177.231,21710.15,8.28,339.325,534.61,18.762,82.473,2.771,1
6.455,173.903,30761.673,6.951,315.303,411.827,12.821,87.655,4.694,0
6.914,138.366,15953.815,8.854,332.594,312.292,17.769,59.563,4.941,0
5.565,181.132,15613.564,8.123,284.152,490.773,16.111,88.942,3.357,0
,175.473,17051.113,6.02,389.845,336.07,11.619,47.959,4.226,1
7.568,197.093,26554.864,6.885,306.712,302.395,12.819,73.057,4.22,1
8.407,223.229,23145.833,4.956,326.428,475.527,15.721,77.346,2.416,0
6.782,134.808,35773.27,10.355,357.384,398.401,11.277,76.393,4.332,0
7.617,189.34,40055.122,,307.037,310.583,14.198,61.115,4.493,0
6.963,187.841,50000.0,6.216,336.695,289.618,10.184,40.546,3.046,0
8.099,152.929,,7.636,393.241,309.343,15.634,105.132,3.236,1
,160.795,11019.007,5.089,333.758,322.134,9.468,66.751,4.738,1
7.066,212.709,33267.84,7.042,171.86,537.267,14.871,43.803,,1
8.232,194.016,15728.431,5.251,295.555,393.624,13.358,70.662,2.783,1
6.633,209.614,17782.953,5.955,263.606,408.687,14.754,70.095,6.255,0
6.311,161.275,24495.412,7.44,351.951,548.992,15.985,60.821,3.605,1
6.322,227.89,18388.243,5.644,317.021,402.148,12.552,74.397,3.034,1
6.196,233.528,22024.251,7.385,366.88,481.764,21.725,67.099,4.691,0
7.653,219.384,27007.347,8.532,363.205,401.99,17.766,46.986,6.364,1
7.126,222.712,,8.188,357.523,474.328,12.691,29.959,3.597,1
6.82,209.077,14704.281,4.18,357.043,335.709,16.117,63.353,,1
7.343,205.49,28141.412,9.415,288.52,433.74,14.924,74.036,4.789,1
5.864,221.392,38439.95,5.664,331.141,501.435,14.46,76.121,3.187,1
5.583,196.5,21189.373,,312.671,351.232,11.87,26.633,3.202,0
6.861,201.121,19025.066,7.878,336.276,462.508,11.199,91.438,3.435,1
7.444,153.852,26493.09,3.315,,435.248,14.761,80.639,,1
7.203,239.931,,6.946,367.158,399.356,13.038,63.238,4.248,1
6.759,181.547,22803.455,7.423,367.262,381.785,15.44,60.524,5.231,1
8.234,169.488,19126.557,10.016,412.711,473.369,13.915,96.756,3.984,1
7.322,173.209,32292.466,7.69,436.315,530.05,13.701,83.21,4.134,1
6.376,159.812,15581.8,5.728,364.078,410.912,13.192,60.4,3.551,1
6.433,229.514,23773.89,7.977,359.497,510.973,16.95,37.31,4.443,1
8.592,166.58,24746.726,10.723,,484.121,11.204,50.16,3.497,0
6.831,200.044,23412.147,7.799,344.96,,,80.982,3.979,0
6.773,193.004,17222.542,10.104,336.482,472.965,9.156,65.269,4.643,1
6.102,217.532,26332.595,6.425,364.125,496.689,14.462,106.392,3.914,0
6.258,188.623,23332.514,9.714,308.116,261.721,13.971,81.904,3.414,1
7.149,194.355,,6.863,,364.366,12.239,80.228,4.984,0
7.838,181.823,13640.951,7.726,418.868,390.087,12.932,68.188,4.797,0
7.936,183.679,,6.79,321.308,543.315,16.238,87.547,4.237,0
7.113,204.402,16463.96,5.908,419.513,496.485,14.16,87.522,3.97,1
6.768,153.165,32647.41,6.264,,338.106,15.975,73.772,3.212,0
8.206,158.823,15620.242,5.445,344.811,610.451,18.472,56.734,4.769,1
6.909,224.575,16475.975,6.14,267.504,429.677,17.604,67.842,3.246,1
,187.536,20862.273,7.187,384.405,539.187,17.05,63.307,4.193,1
8.359,154.648,19309.67,4.654,331.654,304.146,14.164,,3.532,0
6.84,153.265,29741.555,5.647,201.182,475.197,11.905,50.398,3.74,1
5.837,147.561,30978.019,7.556,296.547,485.306,11.107,50.391,4.012,1
6.401,273.655,18586.293,,369.657,468.911,12.109,64.454,3.658,1
6.143,214.34,25194.418,7.077,339.359,387.583,11.283,73.942,3.459,1
5.99,218.167,22012.47,6.148,351.495,357.405,9.161,79.097,4.692,0
7.247,248.479,21258.825,5.658,326.106,355.143,13.818,93.669,2.382,1
8.295,143.799,30394.767,5.406,313.228,446.076,18.149,37.428,4.668,0
6.991,186.145,22570.899,7.148,309.615,498.457,10.092,64.377,,1
7.427,,20597.114,5.217,358.547,395.63,19.868,69.704,3.769,1
7.461,149.039,16301.678,8.143,297.111,377.513,14.268,52.055,3.217,1
6.318,202.822,,6.296,244.511,459.368,17.836,72.931,4.913,1
8.547,210.383,26808.99,9.251,323.962,434.833,14.25,56.795,4.884,1
6.871,224.327,26344.294,10.443,446.834,534.464,15.82,59.615,3.328,1
6.939,179.474,23787.162,6.81,306.212,456.5,17.688,62.634,4.467,1
7.241,163.87,18720.76,7.461,312.244,329.245,13.876,47.325,3.777,1
,177.749,29251.643,7.951,342.266,436.814,,51.813,4.778,0
7.152,166.602,26153.024,7.55,268.926,440.47,12.169,70.274,4.416,1
7.505,140.602,12584.672,6.758,310.14,411.909,12.209,50.512,4.255,1
7.227,205.635,34615.01,6.792,314.155,422.396,21.007,56.411,3.307,0
